Workbook

Sheet данны
A1: ФИО менеджера | B1: ФИО клиента | C1: Дата сделки | D1: Сумма сделки
A2: Иванова Анна Сергеевна | B2: Соловьева Наталья Максимовна | C2: 46023 | D2: 38987
A3: Лебедев Николай Олегович | B3: Иванова Виктория Олеговна | C3: 46023 | D3: 12029
A4: Орлов Павел Денисович | B4: Андреева Виктория Романовна | C4: 46023 | D4: 17042
A5: Семенова Ирина Валерьевна | B5: Белов Виктор Ильич | C5: 46023 | D5: 15584
A6: Фролов Сергей Викторович | B6: Павлова Юлия Федоровна | C6: 46023 | D6: 17202
A7: Фролов Сергей Викторович | B7: Соколова Виктория Александровна | C7: 46023 | D7: 39374
A8: Фролов Сергей Викторович | B8: Соколова Виктория Александровна | C8: 46023 | D8: 45396
A9: Яковлев Артем Игоревич | B9: Захарова Людмила Антоновна | C9: 46023 | D9: 41529
A10: Яковлев Артем Игоревич | B10: Иванов Степан Федорович | C10: 46023 | D10: 37982
A11: Яковлев Артем Игоревич | B11: Петрова Виктория Ивановна | C11: 46023 | D11: 34064
A12: Иванова Анна Сергеевна | B12: Егорова Полина Павловна | C12: 46024 | D12: 51016
A13: Кузнецов Максим Алексеевич | B13: Орлов Михаил Борисович | C13: 46024 | D13: 15263
... A2786: Яковлев Артем Игоревич | B2786: Тарасов Александр Павлович | C2786: 46265 | D2786: 41309

Sheet сводная таблица
A1: Названия строк | B1: Сумма по полю Сумма сделки | C1: ABC | I1: Клиент | J1: Вариация | K1: ABC | L1: XYZ | M1: Сумма
A2: Алексеев Олег Алексеевич | B2: 112219 | C2: =VLOOKUP(B2,$N$7:$O$9,2,1) -> C | I2: Тарасова Ксения Игоревна | J2: 0.050179665 | K2: A | L2: X | M2: 237013 | X2: Сумма по полю Сумма | Y2: Названия столбцов
A3: Алексеева Валерия Павловна | B3: 146994 | C3: =VLOOKUP(B3,$N$7:$O$9,2,1) -> C | I3: Павлов Николай Алексеевич | J3: 0.032683032 | K3: A | L3: X | M3: 381469 | N3: 0 | O3: X | X3: Названия строк | Y3: X | Z3: Y | AA3: Z
A4: Алексеева Ксения Антоновна | B4: 324464 | C4: =VLOOKUP(B4,$N$7:$O$9,2,1) -> C | I4: Комаров Дмитрий Антонович | J4: 0.032370668 | K4: A | L4: X | M4: 960502 | N4: 0.1 | O4: Y | X4: A | Y4: 25881222 | Z4: 20531831 | AA4: 21543171
A5: Алексеева Мария Игоревна | B5: 135548 | C5: =VLOOKUP(B5,$N$7:$O$9,2,1) -> C | I5: Сидорова Татьяна Павловна | J5: 0.032290675 | K5: A | L5: X | M5: 529368 | N5: 0.25 | O5: Z | X5: B | Y5: 5760396 | Z5: 3180646 | AA5: 3698164
A6: Алексеева Полина Дмитриевна | B6: 937387 | C6: =VLOOKUP(B6,$N$7:$O$9,2,1) -> C | I6: Макаров Максим Артемович | J6: 0.031394932 | K6: A | L6: X | M6: 464546 | X6: C | Y6: 1806531 | Z6: 1220142 | AA6: 1323215
A7: Андреев Дмитрий Николаевич | B7: 104601 | C7: =VLOOKUP(B7,$N$7:$O$9,2,1) -> C | I7: Иванов Степан Федорович | J7: 0.029651573 | K7: A | L7: X | M7: 1062071 | N7: 0 | O7: A
A8: Андреев Игорь Борисович | B8: 199235 | C8: =VLOOKUP(B8,$N$7:$O$9,2,1) -> C | I8: Морозова Елена Александровна | J8: 0.028908662 | K8: A | L8: X | M8: 1282910 | N8: 0.8 | O8: B
A9: Андреев Кирилл Федорович | B9: 863708 | C9: =VLOOKUP(B9,$N$7:$O$9,2,1) -> C | I9: Егоров Артем Кириллович | J9: 0.02867105 | K9: A | L9: X | M9: 679389 | N9: 0.95 | O9: C
A10: Андреев Роман Денисович | B10: 268944 | C10: =VLOOKUP(B10,$N$7:$O$9,2,1) -> C | I10: Петрова Виктория Ивановна | J10: 0.027690261 | K10: A | L10: X | M10: 906937
A11: Андреева Виктория Романовна | B11: 150630 | C11: =VLOOKUP(B11,$N$7:$O$9,2,1) -> C | I11: Смирнов Евгений Артемович | J11: 0.027334651 | K11: A | L11: X | M11: 233427
A12: Андреева Екатерина Денисовна | B12: 108319 | C12: =VLOOKUP(B12,$N$7:$O$9,2,1) -> C | I12: Зайцева Валерия Павловна | J12: 0.027277074 | K12: A | L12: X | M12: 379393
A13: Баранова Валерия Федоровна | B13: 118237 | C13: =VLOOKUP(B13,$N$7:$O$9,2,1) -> C | I13: Егорова Юлия Александровна | J13: 0.027274896 | K13: A | L13: X | M13: 358793
A14: Баранова Виктория Ивановна | B14: 227539 | C14: =VLOOKUP(B14,$N$7:$O$9,2,1) -> C | I14: Павлова Дарья Игоревна | J14: 0.027025203 | K14: A | L14: X | M14: 649387
A15: Баранова Екатерина Николаевна | B15: 256607 | C15: =VLOOKUP(B15,$N$7:$O$9,2,1) -> C | I15: Иванов Игорь Николаевич | J15: 0.026915103 | K15: A | L15: X | M15: 284206
A16: Баранова Светлана Владимировна | B16: 115286 | C16: =VLOOKUP(B16,$N$7:$O$9,2,1) -> C | I16: Семенова Алина Юрьевна | J16: 0.026766912 | K16: A | L16: X | M16: 263116
A17: Белов Виктор Ильич | B17: 126645 | C17: =VLOOKUP(B17,$N$7:$O$9,2,1) -> C | I17: Соловьева Юлия Михайловна | J17: 0.026666696 | K17: A | L17: X | M17: 538234
A18: Белов Игорь Романович | B18: 156719 | C18: =VLOOKUP(B18,$N$7:$O$9,2,1) -> C | I18: Михайлова Наталья Павловна | J18: 0.026606716 | K18: A | L18: X | M18: 753833
A19: Белов Максим Александрович | B19: 117061 | C19: =VLOOKUP(B19,$N$7:$O$9,2,1) -> C | I19: Никитина Людмила Юрьевна | J19: 0.026532384 | K19: A | L19: X | M19: 226831
A20: Борисов Алексей Антонович | B20: 530337 | C20: =VLOOKUP(B20,$N$7:$O$9,2,1) -> C | I20: Зайцев Роман Артемович | J20: 0.026505174 | K20: A | L20: X | M20: 831294
A21: Борисов Антон Владимирович | B21: 132097 | C21: =VLOOKUP(B21,$N$7:$O$9,2,1) -> C | I21: Степанов Денис Николаевич | J21: 0.026163178 | K21: A | L21: X | M21: 473153
... A238: Яковлева Ирина Денисовна | B238: 114642 | C238: =VLOOKUP(B238,$N$7:$O$9,2,1) -> C | I238: Егорова Анна Ильинична | J238: 0.44783867 | K238: C | L238: Z | M238: 97921

Sheet ABC менеджеры сумма
G1: X | H1: Y1 | J1: Xa-bc | K1: Ya-bc | M1: Перпендикуляры
G2: 0 | H2: 0 | J2: 0.2 | K2: 0.83995771
G3: 1 | H3: 1 | J3: 0.2 | K3: 0
G5: X | H5: Y2 | J5: Xb-c | K5: Yb-c
G6: 0.2 | H6: 0.83995771 | J6: 0.5 | K6: 0.95906138
G7: 1 | H7: 1 | J7: =J6 -> 0.5 | K7: 0
D21: 20/30/50 | E21: 80/15/5
A22: Названия строк | B22: Сумма по полю Сумма сделки | C22: номер | D22: X | E22: Y0 | F22: Y1 | G22: Y0-Y1 | H22: Y2 | I22: Y0-Y2 | J22: ABC
A23: Яковлев Артем Игоревич | B23: 0.48062361 | C23: 1 | D23: =C23/MAX(C:C) -> 0.05 | E23: =B23 -> 0.48062361 | F23: =D23 -> 0.05 | G23: =E23-F23 -> 0.43062361 | H23: =0.2001*D23+0.7999 -> 0.809905 | I23: =E23-H23 -> -0.32928139 | J23: A
A24: Фролов Сергей Викторович | B24: 0.67193894 | C24: 2 | D24: =C24/MAX(C:C) -> 0.1 | E24: =B24 -> 0.67193894 | F24: =D24 -> 0.1 | G24: =E24-F24 -> 0.57193894 | H24: =0.2001*D24+0.7999 -> 0.81991 | I24: =E24-H24 -> -0.14797106 | J24: A
A25: Иванова Анна Сергеевна | B25: 0.7814057 | C25: 3 | D25: =C25/MAX(C:C) -> 0.15 | E25: =B25 -> 0.7814057 | F25: =D25 -> 0.15 | G25: =E25-F25 -> 0.6314057 | H25: =0.2001*D25+0.7999 -> 0.829915 | I25: =E25-H25 -> -0.048509296 | J25: A
A26: Ткаченко Андрей Олегович | B26: 0.83995771 | C26: 4 | D26: =C26/MAX(C:C) -> 0.2 | E26: =B26 -> 0.83995771 | F26: =D26 -> 0.2 | G26: =E26-F26 -> 0.63995771 | H26: =0.2001*D26+0.7999 -> 0.83992 | I26: =E26-H26 -> 3.771256e-05 | J26: A
A27: Семенова Ирина Валерьевна | B27: 0.87641005 | C27: 5 | D27: =C27/MAX(C:C) -> 0.25 | E27: =B27 -> 0.87641005 | F27: =D27 -> 0.25 | G27: =E27-F27 -> 0.62641005 | H27: =0.2001*D27+0.7999 -> 0.849925 | I27: =E27-H27 -> 0.026485045 | J27: B
A28: Орлов Павел Денисович | B28: 0.90259347 | C28: 6 | D28: =C28/MAX(C:C) -> 0.3 | E28: =B28 -> 0.90259347 | F28: =D28 -> 0.3 | G28: =E28-F28 -> 0.60259347 | H28: =0.2001*D28+0.7999 -> 0.85993 | I28: =E28-H28 -> 0.042663466 | J28: B
A29: Кузнецов Максим Алексеевич | B29: 0.92001999 | C29: 7 | D29: =C29/MAX(C:C) -> 0.35 | E29: =B29 -> 0.92001999 | F29: =D29 -> 0.35 | G29: =E29-F29 -> 0.57001999 | H29: =0.2001*D29+0.7999 -> 0.869935 | I29: =E29-H29 -> 0.050084995 | J29: B
A30: Морозова Елена Андреевна | B30: 0.9350624 | C30: 8 | D30: =C30/MAX(C:C) -> 0.4 | E30: =B30 -> 0.9350624 | F30: =D30 -> 0.4 | G30: =E30-F30 -> 0.5350624 | H30: =0.2001*D30+0.7999 -> 0.87994 | I30: =E30-H30 -> 0.055122401 | J30: B
A31: Волков Дмитрий Романович | B31: 0.94823725 | C31: 9 | D31: =C31/MAX(C:C) -> 0.45 | E31: =B31 -> 0.94823725 | F31: =D31 -> 0.45 | G31: =E31-F31 -> 0.49823725 | H31: =0.2001*D31+0.7999 -> 0.889945 | I31: =E31-H31 -> 0.058292253 | J31: B
A32: Соколова Мария Ильинична | B32: 0.95906138 | C32: 10 | D32: =C32/MAX(C:C) -> 0.5 | E32: =B32 -> 0.95906138 | F32: =D32 -> 0.5 | G32: =E32-F32 -> 0.45906138 | H32: =0.2001*D32+0.7999 -> 0.89995 | I32: =E32-H32 -> 0.059111381 | J32: B
A33: Лебедев Николай Олегович | B33: 0.96743726 | C33: 11 | D33: =C33/MAX(C:C) -> 0.55 | E33: =B33 -> 0.96743726 | F33: =D33 -> 0.55 | G33: =E33-F33 -> 0.41743726 | H33: =0.2001*D33+0.7999 -> 0.909955 | I33: =E33-H33 -> 0.057482264 | J33: C
A34: Новикова Ольга Викторовна | B34: 0.97561919 | C34: 12 | D34: =C34/MAX(C:C) -> 0.6 | E34: =B34 -> 0.97561919 | F34: =D34 -> 0.6 | G34: =E34-F34 -> 0.37561919 | H34: =0.2001*D34+0.7999 -> 0.91996 | I34: =E34-H34 -> 0.055659186 | J34: C
... A42: Михайлова Алина Романовна | B42: 1 | C42: 20 | D42: =C42/MAX(C:C) -> 1 | E42: =B42 -> 1 | F42: =D42 -> 1 | G42: =E42-F42 -> 0 | H42: =0.2001*D42+0.7999 -> 1 | I42: =E42-H42 -> 0 | J42: C

Sheet ABC менеджеры сделка 
G1: X | H1: Y1 | J1: Xa-bc | K1: Ya-bc | M1: Перпендикуляры
G2: 0 | H2: 0 | J2: 0.25 | K2: 0.7475763
G3: 1 | H3: 1 | J3: =J2 -> 0.25 | K3: 0
G5: X | H5: Y2 | J5: Xbc- | K5: Yb-c
G6: 0.25 | H6: 0.7475763 | J6: 0.6 | K6: 0.9443447
G7: 1 | H7: 1 | J7: =J6 -> 0.6 | K7: 0
D21: 20/30/50 | E21: 80/15/5
A22: Названия строк | B22: Количество по полю ФИО менеджера | C22: номер | D22: X | E22: Y0 | F22: Y1 | G22: Y0-Y1 | H22: Y2 | I22: Y0-Y2 | J22: ABC
A23: Яковлев Артем Игоревич | B23: 0.35691203 | C23: 1 | D23: =C23/MAX(C:C) -> 0.05 | E23: =B23 -> 0.35691203 | F23: =D23 -> 0.05 | G23: =E23-F23 -> 0.30691203 | H23: =0.3366*D23+0.6634 -> 0.68023 | I23: =E23-H23 -> -0.32331797 | J23: A
A24: Фролов Сергей Викторович | B24: 0.51705566 | C24: 2 | D24: =C24/MAX(C:C) -> 0.1 | E24: =B24 -> 0.51705566 | F24: =D24 -> 0.1 | G24: =E24-F24 -> 0.41705566 | H24: =0.3366*D24+0.6634 -> 0.69706 | I24: =E24-H24 -> -0.18000434 | J24: A
A25: Иванова Анна Сергеевна | B25: 0.62082585 | C25: 3 | D25: =C25/MAX(C:C) -> 0.15 | E25: =B25 -> 0.62082585 | F25: =D25 -> 0.15 | G25: =E25-F25 -> 0.47082585 | H25: =0.3366*D25+0.6634 -> 0.71389 | I25: =E25-H25 -> -0.093064147 | J25: A
A26: Ткаченко Андрей Олегович | B26: 0.6940754 | C26: 4 | D26: =C26/MAX(C:C) -> 0.2 | E26: =B26 -> 0.6940754 | F26: =D26 -> 0.2 | G26: =E26-F26 -> 0.4940754 | H26: =0.3366*D26+0.6634 -> 0.73072 | I26: =E26-H26 -> -0.036644596 | J26: A
A27: Семенова Ирина Валерьевна | B27: 0.7475763 | C27: 5 | D27: =C27/MAX(C:C) -> 0.25 | E27: =B27 -> 0.7475763 | F27: =D27 -> 0.25 | G27: =E27-F27 -> 0.4975763 | H27: =0.3366*D27+0.6634 -> 0.74755 | I27: =E27-H27 -> 2.6301616e-05 | J27: A
A28: Орлов Павел Денисович | B28: 0.79102334 | C28: 6 | D28: =C28/MAX(C:C) -> 0.3 | E28: =B28 -> 0.79102334 | F28: =D28 -> 0.3 | G28: =E28-F28 -> 0.49102334 | H28: =0.3366*D28+0.6634 -> 0.76438 | I28: =E28-H28 -> 0.026643339 | J28: B
A29: Кузнецов Максим Алексеевич | B29: 0.82621185 | C29: 7 | D29: =C29/MAX(C:C) -> 0.35 | E29: =B29 -> 0.82621185 | F29: =D29 -> 0.35 | G29: =E29-F29 -> 0.47621185 | H29: =0.3366*D29+0.6634 -> 0.78121 | I29: =E29-H29 -> 0.045001849 | J29: B
A30: Морозова Елена Андреевна | B30: 0.85780969 | C30: 8 | D30: =C30/MAX(C:C) -> 0.4 | E30: =B30 -> 0.85780969 | F30: =D30 -> 0.4 | G30: =E30-F30 -> 0.45780969 | H30: =0.3366*D30+0.6634 -> 0.79804 | I30: =E30-H30 -> 0.059769695 | J30: B
A31: Волков Дмитрий Романович | B31: 0.88509874 | C31: 9 | D31: =C31/MAX(C:C) -> 0.45 | E31: =B31 -> 0.88509874 | F31: =D31 -> 0.45 | G31: =E31-F31 -> 0.43509874 | H31: =0.3366*D31+0.6634 -> 0.81487 | I31: =E31-H31 -> 0.070228743 | J31: B
A32: Соколова Мария Ильинична | B32: 0.90771993 | C32: 10 | D32: =C32/MAX(C:C) -> 0.5 | E32: =B32 -> 0.90771993 | F32: =D32 -> 0.5 | G32: =E32-F32 -> 0.40771993 | H32: =0.3366*D32+0.6634 -> 0.8317 | I32: =E32-H32 -> 0.076019928 | J32: B
A33: Лебедев Николай Олегович | B33: 0.92675045 | C33: 11 | D33: =C33/MAX(C:C) -> 0.55 | E33: =B33 -> 0.92675045 | F33: =D33 -> 0.55 | G33: =E33-F33 -> 0.37675045 | H33: =0.3366*D33+0.6634 -> 0.84853 | I33: =E33-H33 -> 0.078220449 | J33: B
A34: Новикова Ольга Викторовна | B34: 0.9443447 | C34: 12 | D34: =C34/MAX(C:C) -> 0.6 | E34: =B34 -> 0.9443447 | F34: =D34 -> 0.6 | G34: =E34-F34 -> 0.3443447 | H34: =0.3366*D34+0.6634 -> 0.86536 | I34: =E34-H34 -> 0.078984704 | J34: B
... A42: Егоров Илья Александрович | B42: 1 | C42: 20 | D42: =C42/MAX(C:C) -> 1 | E42: =B42 -> 1 | F42: =D42 -> 1 | G42: =E42-F42 -> 0 | H42: =0.3366*D42+0.6634 -> 1 | I42: =E42-H42 -> 0 | J42: C

Sheet ABC Менеджеры
B7: ФИО Менеджера (по алфавиту) | C7: ABC по сумме сделки | D7: ABC по количеству сделок
A8: 1 | B8: Васильева Дарья Павловна | C8: =VLOOKUP(B8,'ABC менеджеры сумма'!$A$23:$J$42,10,0) -> C | D8: =VLOOKUP(B8,'ABC менеджеры сделка '!$A$23:$J$42,10,0) -> C
A9: 2 | B9: Волков Дмитрий Романович | C9: =VLOOKUP(B9,'ABC менеджеры сумма'!$A$23:$J$42,10,0) -> B | D9: =VLOOKUP(B9,'ABC менеджеры сделка '!$A$23:$J$42,10,0) -> B
A10: 3 | B10: Егоров Илья Александрович | C10: =VLOOKUP(B10,'ABC менеджеры сумма'!$A$23:$J$42,10,0) -> C | D10: =VLOOKUP(B10,'ABC менеджеры сделка '!$A$23:$J$42,10,0) -> C
A11: 4 | B11: Иванова Анна Сергеевна | C11: =VLOOKUP(B11,'ABC менеджеры сумма'!$A$23:$J$42,10,0) -> A | D11: =VLOOKUP(B11,'ABC менеджеры сделка '!$A$23:$J$42,10,0) -> A
A12: 5 | B12: Козлов Алексей Михайлович | C12: =VLOOKUP(B12,'ABC менеджеры сумма'!$A$23:$J$42,10,0) -> C | D12: =VLOOKUP(B12,'ABC менеджеры сделка '!$A$23:$J$42,10,0) -> C
A13: 6 | B13: Кузнецов Максим Алексеевич | C13: =VLOOKUP(B13,'ABC менеджеры сумма'!$A$23:$J$42,10,0) -> B | D13: =VLOOKUP(B13,'ABC менеджеры сделка '!$A$23:$J$42,10,0) -> B
A14: 7 | B14: Лебедев Николай Олегович | C14: =VLOOKUP(B14,'ABC менеджеры сумма'!$A$23:$J$42,10,0) -> C | D14: =VLOOKUP(B14,'ABC менеджеры сделка '!$A$23:$J$42,10,0) -> B
A15: 8 | B15: Михайлова Алина Романовна | C15: =VLOOKUP(B15,'ABC менеджеры сумма'!$A$23:$J$42,10,0) -> C | D15: =VLOOKUP(B15,'ABC менеджеры сделка '!$A$23:$J$42,10,0) -> C
A16: 9 | B16: Морозова Елена Андреевна | C16: =VLOOKUP(B16,'ABC менеджеры сумма'!$A$23:$J$42,10,0) -> B | D16: =VLOOKUP(B16,'ABC менеджеры сделка '!$A$23:$J$42,10,0) -> B
A17: 10 | B17: Новикова Ольга Викторовна | C17: =VLOOKUP(B17,'ABC менеджеры сумма'!$A$23:$J$42,10,0) -> C | D17: =VLOOKUP(B17,'ABC менеджеры сделка '!$A$23:$J$42,10,0) -> B
A18: 11 | B18: Орлов Павел Денисович | C18: =VLOOKUP(B18,'ABC менеджеры сумма'!$A$23:$J$42,10,0) -> B | D18: =VLOOKUP(B18,'ABC менеджеры сделка '!$A$23:$J$42,10,0) -> B
A19: 12 | B19: Павлова Татьяна Сергеевна | C19: =VLOOKUP(B19,'ABC менеджеры сумма'!$A$23:$J$42,10,0) -> C | D19: =VLOOKUP(B19,'ABC менеджеры сделка '!$A$23:$J$42,10,0) -> C
... A27: 20 | B27: Яковлев Артем Игоревич | C27: =VLOOKUP(B27,'ABC менеджеры сумма'!$A$23:$J$42,10,0) -> A | D27: =VLOOKUP(B27,'ABC менеджеры сделка '!$A$23:$J$42,10,0) -> A

Sheet ABC_XYZ Клиенты
A1: ФИО Клиента (все клиенты) | B1: янв | C1: фев | D1: мар | E1: апр | F1: май | G1: июн | H1: июл | I1: авг | J1: ABC | K1: XYZ
A2: Захаров Павел Артемович | B2: 234052 | C2: 216077 | D2: 241027 | E2: 28462 | F2: 54340 | G2: 193296 | H2: 229566 | I2: 233044 | J2: A | K2: Z
A3: Орлова Валерия Олеговна | B3: 183801 | C3: 184120 | D3: 179863 | E3: 170425 | F3: 173716 | G3: 169770 | H3: 183172 | I3: 181646 | J3: A | K3: Z
A4: Новикова Екатерина Ивановна | B4: 116467 | C4: 208399 | D4: 264694 | E4: 213152 | F4: 283059 | G4: 120640 | H4: 103649 | I4: 98881 | J4: A | K4: Z
A5: Петров Николай Александрович | B5: 169665 | C5: 160532 | D5: 173415 | E5: 174376 | F5: 174568 | G5: 161080 | H5: 166550 | I5: 169274 | J5: A | K5: Z
A6: Михайлов Юрий Павлович | B6: 178222 | C6: 150966 | D6: 182303 | E6: 130158 | F6: 197803 | G6: 178110 | H6: 124476 | I6: 177636 | J6: A | K6: Y
A7: Григорьева Марина Антоновна | B7: 151209 | C7: 155598 | D7: 172682 | E7: 161027 | F7: 151203 | G7: 158179 | H7: 180762 | I7: 125537 | J7: A | K7: Y
A8: Степанов Алексей Александрович | B8: 176330 | C8: 121210 | D8: 152724 | E8: 160583 | F8: 150051 | G8: 137644 | H8: 170553 | I8: 161697 | J8: A | K8: Z
A9: Козлов Максим Антонович | B9: 151188 | C9: 150633 | D9: 160966 | E9: 152034 | F9: 161256 | G9: 147233 | H9: 148502 | I9: 151988 | J9: B | K9: Z
A10: Белов Юрий Максимович | B10: 286775 | C10: 221110 | D10: 38080 | E10: 47894 | F10: 59927 | G10: 119964 | H10: 251860 | I10: 195841 | J10: B | K10: Z
A11: Степанова Ольга Денисовна | B11: 206692 | C11: 230270 | D11: 231500 | E11: 173326 | F11: 27445 | G11: 202914 | H11: 53448 | I11: 50577 | J11: B | K11: X
M14: Сводная таблица
M15: количество клиентов каждой категории
N16: X | O16: Y | P16: Z
M17: A | N17: 44 | O17: 33 | P17: 35
M18: B | N18: 38 | O18: 21 | P18: 24
M19: C | N19: 17 | O19: 12 | P19: 13
M21: Сумма сделок в каждой категории
N22: X | O22: Y | P22: Z
M23: A | N23: 25881222 | O23: 20531831 | P23: 21543171
M24: B | N24: 5760396 | O24: 3180646 | P24: 3698164
M25: C | N25: 1806531 | O25: 1220142 | P25: 1323215
