Workbook

Sheet Данные
A1: ФИО менеджера | B1: ФИО клиента | C1: Дата сделки | D1: Сумма сделки | E1: NPS
A2: Ткаченко Андрей Олегович | B2: Лебедев Павел Кириллович | C2: 2023-09-01 | D2: 63205 | E2: 8
A3: Белов Алексей Константинович | B3: Попова Ольга Егоровна | C3: 2023-09-01 | D3: 38636 | E3: 8
A4: Новикова Ольга Петровна | B4: Попова Екатерина Владимировна | C4: 2023-09-01 | D4: 67204 | E4: 6
A5: Сидорова Елена Васильевна | B5: Сидоров Артем Викторович | C5: 2023-09-04 | D5: 84220 | E5: 9
A6: Громова Мария Ильинична | B6: Новиков Алексей Александрович | C6: 2023-09-04 | D6: 78490 | E6: 7
A7: Орлов Павел Денисович | B7: Сидорова Полина Александровна | C7: 2023-09-04 | D7: 58851 | E7: 5
A8: Белов Алексей Константинович | B8: Егорова Полина Сергеевна | C8: 2023-09-04 | D8: 52764 | E8: 8
A9: Новикова Ольга Петровна | B9: Смирнов Дмитрий Александрович | C9: 2023-09-05 | D9: 91862 | E9: 8
A10: Новикова Ольга Петровна | B10: Волкова Татьяна Егоровна | C10: 2023-09-05 | D10: 40540 | E10: 7
A11: Кузнецов Дмитрий Львович | B11: Петрова Дарья Егоровна | C11: 2023-09-05 | D11: 67289 | E11: 5
A12: Сидорова Елена Васильевна | B12: Смирнова София Ивановна | C12: 2023-09-06 | D12: 19382 | E12: 2
A13: Фролов Сергей Викторович | B13: Смирнов Михаил Алексеевич | C13: 2023-09-06 | D13: 38637 | E13: 5
... A1001: Ткаченко Андрей Олегович | B1001: Иванова Александра Никитична | C1001: 2024-09-02 | D1001: 72906 | E1001: 7

Sheet задача 1
A1: ФИО менеджера | D1: ФИО менеджера | E1: ФИО клиента | F1: первый проект | G1: последний проект | H1: дни | J1: менеджер клиент | K1: ФИО менеджера | L1: ФИО клиента | M1: Дата сделки | N1: менеджер и клиент | O1: ФИО менеджера | P1: ФИО клиента | Q1: Дата сделки
A2: Белов Алексей Константинович | D2: Белов Алексей Константинович | E2: Алексеева Алиса Ильинична | F2: =VLOOKUP(D2&E2,J:M,4,0) -> 2024-02-08 | G2: =VLOOKUP(D2&E2,N:Q,4,0) -> 2024-02-08 | H2: =G2-F2 -> 0 | J2: =K2&L2 -> Ткаченко Андрей ОлеговичЛебедев Павел Кириллович | K2: Ткаченко Андрей Олегович | L2: Лебедев Павел Кириллович | M2: 2023-09-01 | N2: =O2&P2 -> Иванова Анна СергеевнаАлексеева Виктория Александровна | O2: Иванова Анна Сергеевна | P2: Алексеева Виктория Александровна | Q2: 2024-09-02
A3: Громова Мария Ильинична | D3: Белов Алексей Константинович | E3: Алексеева Виктория Александровна | F3: =VLOOKUP(D3&E3,J:M,4,0) -> 2024-05-20 | G3: =VLOOKUP(D3&E3,N:Q,4,0) -> 2024-05-20 | H3: =G3-F3 -> 0 | J3: =K3&L3 -> Белов Алексей КонстантиновичПопова Ольга Егоровна | K3: Белов Алексей Константинович | L3: Попова Ольга Егоровна | M3: 2023-09-01 | N3: =O3&P3 -> Иванова Анна СергеевнаСидоров Михаил Артемович | O3: Иванова Анна Сергеевна | P3: Сидоров Михаил Артемович | Q3: 2024-09-02
A4: Иванова Анна Сергеевна | D4: Белов Алексей Константинович | E4: Алексеева Людмила Никитична | F4: =VLOOKUP(D4&E4,J:M,4,0) -> 2023-11-27 | G4: =VLOOKUP(D4&E4,N:Q,4,0) -> 2023-11-27 | H4: =G4-F4 -> 0 | J4: =K4&L4 -> Новикова Ольга ПетровнаПопова Екатерина Владимировна | K4: Новикова Ольга Петровна | L4: Попова Екатерина Владимировна | M4: 2023-09-01 | N4: =O4&P4 -> Ткаченко Андрей ОлеговичИванова Александра Никитична | O4: Ткаченко Андрей Олегович | P4: Иванова Александра Никитична | Q4: 2024-09-02
A5: Кузнецов Дмитрий Львович | D5: Белов Алексей Константинович | E5: Васильев Александр Иванович | F5: =VLOOKUP(D5&E5,J:M,4,0) -> 2024-04-29 | G5: =VLOOKUP(D5&E5,N:Q,4,0) -> 2024-04-29 | H5: =G5-F5 -> 0 | J5: =K5&L5 -> Сидорова Елена ВасильевнаСидоров Артем Викторович | K5: Сидорова Елена Васильевна | L5: Сидоров Артем Викторович | M5: 2023-09-04 | N5: =O5&P5 -> Новикова Ольга ПетровнаСмирнов Дмитрий Александрович | O5: Новикова Ольга Петровна | P5: Смирнов Дмитрий Александрович | Q5: 2024-08-30
A6: Новикова Ольга Петровна | D6: Белов Алексей Константинович | E6: Васильев Егор Владимирович | F6: =VLOOKUP(D6&E6,J:M,4,0) -> 2024-06-05 | G6: =VLOOKUP(D6&E6,N:Q,4,0) -> 2024-06-05 | H6: =G6-F6 -> 0 | J6: =K6&L6 -> Громова Мария ИльиничнаНовиков Алексей Александрович | K6: Громова Мария Ильинична | L6: Новиков Алексей Александрович | M6: 2023-09-04 | N6: =O6&P6 -> Новикова Ольга ПетровнаФедорова Полина Павловна | O6: Новикова Ольга Петровна | P6: Федорова Полина Павловна | Q6: 2024-08-30
A7: Орлов Павел Денисович | D7: Белов Алексей Константинович | E7: Васильев Кирилл Михайлович | F7: =VLOOKUP(D7&E7,J:M,4,0) -> 2023-10-16 | G7: =VLOOKUP(D7&E7,N:Q,4,0) -> 2023-10-16 | H7: =G7-F7 -> 0 | J7: =K7&L7 -> Орлов Павел ДенисовичСидорова Полина Александровна | K7: Орлов Павел Денисович | L7: Сидорова Полина Александровна | M7: 2023-09-04 | N7: =O7&P7 -> Яковлев Артем ИгоревичКозлов Артур Андреевич | O7: Яковлев Артем Игоревич | P7: Козлов Артур Андреевич | Q7: 2024-08-30
A8: Петров Владимир Кириллович | D8: Белов Алексей Константинович | E8: Васильев Никита Викторович | F8: =VLOOKUP(D8&E8,J:M,4,0) -> 2023-10-26 | G8: =VLOOKUP(D8&E8,N:Q,4,0) -> 2024-01-30 | H8: =G8-F8 -> 96 | J8: =K8&L8 -> Белов Алексей КонстантиновичЕгорова Полина Сергеевна | K8: Белов Алексей Константинович | L8: Егорова Полина Сергеевна | M8: 2023-09-04 | N8: =O8&P8 -> Кузнецов Дмитрий ЛьвовичИванова Анна Викторовна | O8: Кузнецов Дмитрий Львович | P8: Иванова Анна Викторовна | Q8: 2024-08-29
A9: Семенова Ирина Валерьевна | D9: Белов Алексей Константинович | E9: Васильева Наталья Никитична | F9: =VLOOKUP(D9&E9,J:M,4,0) -> 2024-05-31 | G9: =VLOOKUP(D9&E9,N:Q,4,0) -> 2024-05-31 | H9: =G9-F9 -> 0 | J9: =K9&L9 -> Новикова Ольга ПетровнаСмирнов Дмитрий Александрович | K9: Новикова Ольга Петровна | L9: Смирнов Дмитрий Александрович | M9: 2023-09-05 | N9: =O9&P9 -> Орлов Павел ДенисовичПавлов Константин Никитич | O9: Орлов Павел Денисович | P9: Павлов Константин Никитич | Q9: 2024-08-29
A10: Сидорова Елена Васильевна | D10: Белов Алексей Константинович | E10: Васильева Татьяна Геннадьевна | F10: =VLOOKUP(D10&E10,J:M,4,0) -> 2023-12-27 | G10: =VLOOKUP(D10&E10,N:Q,4,0) -> 2023-12-27 | H10: =G10-F10 -> 0 | J10: =K10&L10 -> Новикова Ольга ПетровнаВолкова Татьяна Егоровна | K10: Новикова Ольга Петровна | L10: Волкова Татьяна Егоровна | M10: 2023-09-05 | N10: =O10&P10 -> Громова Мария ИльиничнаИванов Андрей Михайлович | O10: Громова Мария Ильинична | P10: Иванов Андрей Михайлович | Q10: 2024-08-29
A11: Ткаченко Андрей Олегович | D11: Белов Алексей Константинович | E11: Волков Роман Иванович | F11: =VLOOKUP(D11&E11,J:M,4,0) -> 2023-11-06 | G11: =VLOOKUP(D11&E11,N:Q,4,0) -> 2023-11-06 | H11: =G11-F11 -> 0 | J11: =K11&L11 -> Кузнецов Дмитрий ЛьвовичПетрова Дарья Егоровна | K11: Кузнецов Дмитрий Львович | L11: Петрова Дарья Егоровна | M11: 2023-09-05 | N11: =O11&P11 -> Ткаченко Андрей ОлеговичЛебедев Роман Станиславович | O11: Ткаченко Андрей Олегович | P11: Лебедев Роман Станиславович | Q11: 2024-08-29
A12: Фролов Сергей Викторович | D12: Белов Алексей Константинович | E12: Волкова Татьяна Егоровна | F12: =VLOOKUP(D12&E12,J:M,4,0) -> 2024-07-24 | G12: =VLOOKUP(D12&E12,N:Q,4,0) -> 2024-07-24 | H12: =G12-F12 -> 0 | J12: =K12&L12 -> Сидорова Елена ВасильевнаСмирнова София Ивановна | K12: Сидорова Елена Васильевна | L12: Смирнова София Ивановна | M12: 2023-09-06 | N12: =O12&P12 -> Кузнецов Дмитрий ЛьвовичФедорова Полина Павловна | O12: Кузнецов Дмитрий Львович | P12: Федорова Полина Павловна | Q12: 2024-08-29
A13: Яковлев Артем Игоревич | D13: Белов Алексей Константинович | E13: Егорова Полина Сергеевна | F13: =VLOOKUP(D13&E13,J:M,4,0) -> 2023-09-04 | G13: =VLOOKUP(D13&E13,N:Q,4,0) -> 2023-09-04 | H13: =G13-F13 -> 0 | J13: =K13&L13 -> Фролов Сергей ВикторовичСмирнов Михаил Алексеевич | K13: Фролов Сергей Викторович | L13: Смирнов Михаил Алексеевич | M13: 2023-09-06 | N13: =O13&P13 -> Иванова Анна СергеевнаИванова Анна Викторовна | O13: Иванова Анна Сергеевна | P13: Иванова Анна Викторовна | Q13: 2024-08-29
D14: Белов Алексей Константинович | E14: Иванов Владимир Романович | F14: =VLOOKUP(D14&E14,J:M,4,0) -> 2024-06-17 | G14: =VLOOKUP(D14&E14,N:Q,4,0) -> 2024-07-23 | H14: =G14-F14 -> 36 | J14: =K14&L14 -> Белов Алексей КонстантиновичПетрова Людмила Ильинична | K14: Белов Алексей Константинович | L14: Петрова Людмила Ильинична | M14: 2023-09-07 | N14: =O14&P14 -> Кузнецов Дмитрий ЛьвовичНиколаев Артур Никитич | O14: Кузнецов Дмитрий Львович | P14: Николаев Артур Никитич | Q14: 2024-08-28
D15: Белов Алексей Константинович | E15: Иванова Анна Викторовна | F15: =VLOOKUP(D15&E15,J:M,4,0) -> 2024-07-29 | G15: =VLOOKUP(D15&E15,N:Q,4,0) -> 2024-07-29 | H15: =G15-F15 -> 0 | J15: =K15&L15 -> Орлов Павел ДенисовичФедорова Наталья Александровна | K15: Орлов Павел Денисович | L15: Федорова Наталья Александровна | M15: 2023-09-07 | N15: =O15&P15 -> Яковлев Артем ИгоревичВасильева Наталья Никитична | O15: Яковлев Артем Игоревич | P15: Васильева Наталья Никитична | Q15: 2024-08-27
D16: Белов Алексей Константинович | E16: Козлов Артур Андреевич | F16: =VLOOKUP(D16&E16,J:M,4,0) -> 2024-01-08 | G16: =VLOOKUP(D16&E16,N:Q,4,0) -> 2024-01-08 | H16: =G16-F16 -> 0 | J16: =K16&L16 -> Белов Алексей КонстантиновичМорозов Дмитрий Кириллович | K16: Белов Алексей Константинович | L16: Морозов Дмитрий Кириллович | M16: 2023-09-08 | N16: =O16&P16 -> Семенова Ирина ВалерьевнаВасильев Кирилл Михайлович | O16: Семенова Ирина Валерьевна | P16: Васильев Кирилл Михайлович | Q16: 2024-08-27
D17: Белов Алексей Константинович | E17: Кузнецова Валерия Романовна | F17: =VLOOKUP(D17&E17,J:M,4,0) -> 2023-09-19 | G17: =VLOOKUP(D17&E17,N:Q,4,0) -> 2023-09-19 | H17: =G17-F17 -> 0 | J17: =K17&L17 -> Ткаченко Андрей ОлеговичОрлова Александра Викторовна | K17: Ткаченко Андрей Олегович | L17: Орлова Александра Викторовна | M17: 2023-09-08 | N17: =O17&P17 -> Ткаченко Андрей ОлеговичВасильева Мария Дмитриевна | O17: Ткаченко Андрей Олегович | P17: Васильева Мария Дмитриевна | Q17: 2024-08-27
D18: Белов Алексей Константинович | E18: Кузнецова Ксения Кирилловна | F18: =VLOOKUP(D18&E18,J:M,4,0) -> 2023-10-09 | G18: =VLOOKUP(D18&E18,N:Q,4,0) -> 2023-10-09 | H18: =G18-F18 -> 0 | J18: =K18&L18 -> Сидорова Елена ВасильевнаКозлов Дмитрий Викторович | K18: Сидорова Елена Васильевна | L18: Козлов Дмитрий Викторович | M18: 2023-09-08 | N18: =O18&P18 -> Орлов Павел ДенисовичПопов Дмитрий Ильич | O18: Орлов Павел Денисович | P18: Попов Дмитрий Ильич | Q18: 2024-08-27
D19: Белов Алексей Константинович | E19: Лебедев Артур Олегович | F19: =VLOOKUP(D19&E19,J:M,4,0) -> 2024-04-08 | G19: =VLOOKUP(D19&E19,N:Q,4,0) -> 2024-04-08 | H19: =G19-F19 -> 0 | J19: =K19&L19 -> Петров Владимир КирилловичВасильева Татьяна Геннадьевна | K19: Петров Владимир Кириллович | L19: Васильева Татьяна Геннадьевна | M19: 2023-09-08 | N19: =O19&P19 -> Фролов Сергей ВикторовичПетров Алексей Артемович | O19: Фролов Сергей Викторович | P19: Петров Алексей Артемович | Q19: 2024-08-26
D20: Белов Алексей Константинович | E20: Лебедев Сергей Иванович | F20: =VLOOKUP(D20&E20,J:M,4,0) -> 2023-09-28 | G20: =VLOOKUP(D20&E20,N:Q,4,0) -> 2023-09-28 | H20: =G20-F20 -> 0 | J20: =K20&L20 -> Кузнецов Дмитрий ЛьвовичЛебедева Полина Артемовна | K20: Кузнецов Дмитрий Львович | L20: Лебедева Полина Артемовна | M20: 2023-09-08 | N20: =O20&P20 -> Фролов Сергей ВикторовичВолкова Наталья Александровна | O20: Фролов Сергей Викторович | P20: Волкова Наталья Александровна | Q20: 2024-08-26
D21: Белов Алексей Константинович | E21: Морозов Андрей Иванович | F21: =VLOOKUP(D21&E21,J:M,4,0) -> 2023-09-25 | G21: =VLOOKUP(D21&E21,N:Q,4,0) -> 2023-09-25 | H21: =G21-F21 -> 0 | J21: =K21&L21 -> Сидорова Елена ВасильевнаЕгоров Георгий Никитич | K21: Сидорова Елена Васильевна | L21: Егоров Георгий Никитич | M21: 2023-09-08 | N21: =O21&P21 -> Орлов Павел ДенисовичСеменов Дмитрий Павлович | O21: Орлов Павел Денисович | P21: Семенов Дмитрий Павлович | Q21: 2024-08-26
D22: Белов Алексей Константинович | E22: Морозов Дмитрий Кириллович | F22: =VLOOKUP(D22&E22,J:M,4,0) -> 2023-09-08 | G22: =VLOOKUP(D22&E22,N:Q,4,0) -> 2024-05-03 | H22: =G22-F22 -> 238 | J22: =K22&L22 -> Новикова Ольга ПетровнаВолкова Виктория Михайловна | K22: Новикова Ольга Петровна | L22: Волкова Виктория Михайловна | M22: 2023-09-08 | N22: =O22&P22 -> Новикова Ольга ПетровнаИванова Анна Викторовна | O22: Новикова Ольга Петровна | P22: Иванова Анна Викторовна | Q22: 2024-08-26
D23: Белов Алексей Константинович | E23: Морозов Никита Иванович | F23: =VLOOKUP(D23&E23,J:M,4,0) -> 2024-03-21 | G23: =VLOOKUP(D23&E23,N:Q,4,0) -> 2024-03-21 | H23: =G23-F23 -> 0 | J23: =K23&L23 -> Ткаченко Андрей ОлеговичСтепанов Дмитрий Владимирович | K23: Ткаченко Андрей Олегович | L23: Степанов Дмитрий Владимирович | M23: 2023-09-11 | N23: =O23&P23 -> Яковлев Артем ИгоревичПетрова София Алексеевна | O23: Яковлев Артем Игоревич | P23: Петрова София Алексеевна | Q23: 2024-08-26
D24: Белов Алексей Константинович | E24: Морозов Сергей Олегович | F24: =VLOOKUP(D24&E24,J:M,4,0) -> 2024-03-18 | G24: =VLOOKUP(D24&E24,N:Q,4,0) -> 2024-03-18 | H24: =G24-F24 -> 0 | J24: =K24&L24 -> Фролов Сергей ВикторовичСтепанова Виктория Алексеевна | K24: Фролов Сергей Викторович | L24: Степанова Виктория Алексеевна | M24: 2023-09-11 | N24: =O24&P24 -> Кузнецов Дмитрий ЛьвовичЛебедева Полина Артемовна | O24: Кузнецов Дмитрий Львович | P24: Лебедева Полина Артемовна | Q24: 2024-08-26
D25: Белов Алексей Константинович | E25: Морозова Светлана Михайловна | F25: =VLOOKUP(D25&E25,J:M,4,0) -> 2023-11-24 | G25: =VLOOKUP(D25&E25,N:Q,4,0) -> 2023-11-24 | H25: =G25-F25 -> 0 | J25: =K25&L25 -> Ткаченко Андрей ОлеговичМорозова Людмила Юрьевна | K25: Ткаченко Андрей Олегович | L25: Морозова Людмила Юрьевна | M25: 2023-09-11 | N25: =O25&P25 -> Иванова Анна СергеевнаСеменов Андрей Кириллович | O25: Иванова Анна Сергеевна | P25: Семенов Андрей Кириллович | Q25: 2024-08-26
... D800: Яковлев Артем Игоревич | E800: Федорова Татьяна Никитична | F800: =VLOOKUP(D800&E800,J:M,4,0) -> 2024-08-05 | G800: =VLOOKUP(D800&E800,N:Q,4,0) -> 2024-08-05 | H800: =G800-F800 -> 0 | J800: =K800&L800 -> Петров Владимир КирилловичСтепанова Анна Никитична | K800: Петров Владимир Кириллович | L800: Степанова Анна Никитична | M800: 2024-06-24 | N800: =O800&P800 -> Громова Мария ИльиничнаКузнецов Георгий Никитич | O800: Громова Мария Ильинична | P800: Кузнецов Георгий Никитич | Q800: 2023-11-20
J801: =K801&L801 -> Семенова Ирина ВалерьевнаНовикова Дарья Викторовна | K801: Семенова Ирина Валерьевна | L801: Новикова Дарья Викторовна | M801: 2024-06-24 | N801: =O801&P801 -> Кузнецов Дмитрий ЛьвовичНовикова Дарья Викторовна | O801: Кузнецов Дмитрий Львович | P801: Новикова Дарья Викторовна | Q801: 2023-11-20
J802: =K802&L802 -> Ткаченко Андрей ОлеговичАлексеева Виктория Александровна | K802: Ткаченко Андрей Олегович | L802: Алексеева Виктория Александровна | M802: 2024-06-24 | N802: =O802&P802 -> Иванова Анна СергеевнаЕгоров Никита Геннадьевич | O802: Иванова Анна Сергеевна | P802: Егоров Никита Геннадьевич | Q802: 2023-11-17
J803: =K803&L803 -> Петров Владимир КирилловичИванов Владимир Романович | K803: Петров Владимир Кириллович | L803: Иванов Владимир Романович | M803: 2024-06-24 | N803: =O803&P803 -> Семенова Ирина ВалерьевнаМорозов Андрей Александрович | O803: Семенова Ирина Валерьевна | P803: Морозов Андрей Александрович | Q803: 2023-11-17
J804: =K804&L804 -> Новикова Ольга ПетровнаЛебедев Павел Кириллович | K804: Новикова Ольга Петровна | L804: Лебедев Павел Кириллович | M804: 2024-06-24 | N804: =O804&P804 -> Кузнецов Дмитрий ЛьвовичКузнецов Георгий Никитич | O804: Кузнецов Дмитрий Львович | P804: Кузнецов Георгий Никитич | Q804: 2023-11-17
J805: =K805&L805 -> Фролов Сергей ВикторовичПетров Максим Александрович | K805: Фролов Сергей Викторович | L805: Петров Максим Александрович | M805: 2024-06-25 | N805: =O805&P805 -> Петров Владимир КирилловичВолкова Валерия Олеговна | O805: Петров Владимир Кириллович | P805: Волкова Валерия Олеговна | Q805: 2023-11-16
J806: =K806&L806 -> Яковлев Артем ИгоревичФедорова Алиса Кирилловна | K806: Яковлев Артем Игоревич | L806: Федорова Алиса Кирилловна | M806: 2024-06-26 | N806: =O806&P806 -> Кузнецов Дмитрий ЛьвовичАлексеева Ксения Андреевна | O806: Кузнецов Дмитрий Львович | P806: Алексеева Ксения Андреевна | Q806: 2023-11-16
J807: =K807&L807 -> Кузнецов Дмитрий ЛьвовичМорозов Константин Романович | K807: Кузнецов Дмитрий Львович | L807: Морозов Константин Романович | M807: 2024-06-26 | N807: =O807&P807 -> Семенова Ирина ВалерьевнаПавлов Матвей Дмитриевич | O807: Семенова Ирина Валерьевна | P807: Павлов Матвей Дмитриевич | Q807: 2023-11-16
J808: =K808&L808 -> Яковлев Артем ИгоревичПавлова Ольга Юрьевна | K808: Яковлев Артем Игоревич | L808: Павлова Ольга Юрьевна | M808: 2024-06-26 | N808: =O808&P808 -> Яковлев Артем ИгоревичСидоров Михаил Артемович | O808: Яковлев Артем Игоревич | P808: Сидоров Михаил Артемович | Q808: 2023-11-16
J809: =K809&L809 -> Семенова Ирина ВалерьевнаКозлов Алексей Иванович | K809: Семенова Ирина Валерьевна | L809: Козлов Алексей Иванович | M809: 2024-06-27 | N809: =O809&P809 -> Иванова Анна СергеевнаИванова Ксения Романовна | O809: Иванова Анна Сергеевна | P809: Иванова Ксения Романовна | Q809: 2023-11-16
J810: =K810&L810 -> Семенова Ирина ВалерьевнаКузнецов Никита Сергеевич | K810: Семенова Ирина Валерьевна | L810: Кузнецов Никита Сергеевич | M810: 2024-06-27 | N810: =O810&P810 -> Семенова Ирина ВалерьевнаПавлов Роман Александрович | O810: Семенова Ирина Валерьевна | P810: Павлов Роман Александрович | Q810: 2023-11-14
J811: =K811&L811 -> Ткаченко Андрей ОлеговичСмирнов Кирилл Сергеевич | K811: Ткаченко Андрей Олегович | L811: Смирнов Кирилл Сергеевич | M811: 2024-06-27 | N811: =O811&P811 -> Белов Алексей КонстантиновичСмирнов Дмитрий Александрович | O811: Белов Алексей Константинович | P811: Смирнов Дмитрий Александрович | Q811: 2023-11-13
J812: =K812&L812 -> Громова Мария ИльиничнаФедорова Вероника Ивановна | K812: Громова Мария Ильинична | L812: Федорова Вероника Ивановна | M812: 2024-06-28 | N812: =O812&P812 -> Кузнецов Дмитрий ЛьвовичСмирнов Кирилл Сергеевич | O812: Кузнецов Дмитрий Львович | P812: Смирнов Кирилл Сергеевич | Q812: 2023-11-13
... J1001: =K1001&L1001 -> Ткаченко Андрей ОлеговичИванова Александра Никитична | K1001: Ткаченко Андрей Олегович | L1001: Иванова Александра Никитична | M1001: 2024-09-02 | N1001: =O1001&P1001 -> Новикова Ольга ПетровнаПопова Екатерина Владимировна | O1001: Новикова Ольга Петровна | P1001: Попова Екатерина Владимировна | Q1001: 2023-09-01

Sheet задача 1.1
A1: ФИО менеджера | B1: ФИО клиента | C1: первый проект | D1: последний проект | E1: дни
A2: Новикова Ольга Петровна | B2: Смирнов Дмитрий Александрович | C2: 2023-09-05 | D2: 2024-08-30 | E2: 360
A3: Кузнецов Дмитрий Львович | B3: Лебедева Полина Артемовна | C3: 2023-09-08 | D3: 2024-08-26 | E3: 353
A4: Яковлев Артем Игоревич | B4: Козлов Артур Андреевич | C4: 2023-09-15 | D4: 2024-08-30 | E4: 350
A5: Семенова Ирина Валерьевна | B5: Николаева Ирина Владимировна | C5: 2023-09-18 | D5: 2024-08-21 | E5: 338
A6: Кузнецов Дмитрий Львович | B6: Николаев Артур Никитич | C6: 2023-10-11 | D6: 2024-08-28 | E6: 322
A7: Новикова Ольга Петровна | B7: Орлов Максим Егорович | C7: 2023-10-10 | D7: 2024-08-23 | E7: 318
A8: Фролов Сергей Викторович | B8: Петров Алексей Артемович | C8: 2023-10-23 | D8: 2024-08-26 | E8: 308
A9: Фролов Сергей Викторович | B9: Степанова Виктория Алексеевна | C9: 2023-09-11 | D9: 2024-07-08 | E9: 301
A10: Кузнецов Дмитрий Львович | B10: Павлова Екатерина Павловна | C10: 2023-10-04 | D10: 2024-07-19 | E10: 289
A11: Семенова Ирина Валерьевна | B11: Васильев Никита Викторович | C11: 2023-09-11 | D11: 2024-06-24 | E11: 287
A12: Семенова Ирина Валерьевна | B12: Алексеева Екатерина Станиславовна | C12: 2023-10-10 | D12: 2024-07-16 | E12: 280
A13: Фролов Сергей Викторович | B13: Попова Александра Юрьевна | C13: 2023-10-09 | D13: 2024-07-15 | E13: 280
... A800: Яковлев Артем Игоревич | B800: Федорова Татьяна Никитична | C800: 2024-08-05 | D800: 2024-08-05 | E800: 0

Sheet задача 2
A1: ФИО клиента | B1: проекты | C1: сумма | D1: менеджеры
A2: Алексеев Алексей Павлович | B2: =COUNTIF(Данные!B:B,'задача 2'!A182) -> 7 | C2: =SUMIF(Данные!B:B,'задача 2'!A182,Данные!D:D) -> 335743 | D2: =COUNTIF('задача 1'!E:E,'задача 2'!A195) -> 2
A3: Алексеев Андрей Кириллович | B3: =COUNTIF(Данные!B:B,'задача 2'!A180) -> 3 | C3: =SUMIF(Данные!B:B,'задача 2'!A180,Данные!D:D) -> 242035 | D3: =COUNTIF('задача 1'!E:E,'задача 2'!A171) -> 6
A4: Алексеев Дмитрий Станиславович | B4: =COUNTIF(Данные!B:B,'задача 2'!A195) -> 3 | C4: =SUMIF(Данные!B:B,'задача 2'!A195,Данные!D:D) -> 140055 | D4: =COUNTIF('задача 1'!E:E,'задача 2'!A181) -> 5
A5: Алексеев Матвей Кириллович | B5: =COUNTIF(Данные!B:B,'задача 2'!A60) -> 9 | C5: =SUMIF(Данные!B:B,'задача 2'!A60,Данные!D:D) -> 532398 | D5: =COUNTIF('задача 1'!E:E,'задача 2'!A175) -> 5
A6: Алексеев Павел Дмитриевич | B6: =COUNTIF(Данные!B:B,'задача 2'!A111) -> 6 | C6: =SUMIF(Данные!B:B,'задача 2'!A111,Данные!D:D) -> 240041 | D6: =COUNTIF('задача 1'!E:E,'задача 2'!A166) -> 5
A7: Алексеева Алиса Александровна | B7: =COUNTIF(Данные!B:B,'задача 2'!A57) -> 8 | C7: =SUMIF(Данные!B:B,'задача 2'!A57,Данные!D:D) -> 490244 | D7: =COUNTIF('задача 1'!E:E,'задача 2'!A97) -> 8
A8: Алексеева Алиса Ильинична | B8: =COUNTIF(Данные!B:B,'задача 2'!A38) -> 4 | C8: =SUMIF(Данные!B:B,'задача 2'!A38,Данные!D:D) -> 193905 | D8: =COUNTIF('задача 1'!E:E,'задача 2'!A29) -> 4
A9: Алексеева Виктория Александровна | B9: =COUNTIF(Данные!B:B,'задача 2'!A126) -> 7 | C9: =SUMIF(Данные!B:B,'задача 2'!A126,Данные!D:D) -> 355858 | D9: =COUNTIF('задача 1'!E:E,'задача 2'!A3) -> 2
A10: Алексеева Екатерина Станиславовна | B10: =COUNTIF(Данные!B:B,'задача 2'!A84) -> 3 | C10: =SUMIF(Данные!B:B,'задача 2'!A84,Данные!D:D) -> 168818 | D10: =COUNTIF('задача 1'!E:E,'задача 2'!A108) -> 3
A11: Алексеева Ксения Андреевна | B11: =COUNTIF(Данные!B:B,'задача 2'!A119) -> 3 | C11: =SUMIF(Данные!B:B,'задача 2'!A119,Данные!D:D) -> 143648 | D11: =COUNTIF('задача 1'!E:E,'задача 2'!A46) -> 5
A12: Алексеева Людмила Никитична | B12: =COUNTIF(Данные!B:B,'задача 2'!A34) -> 5 | C12: =SUMIF(Данные!B:B,'задача 2'!A34,Данные!D:D) -> 245053 | D12: =COUNTIF('задача 1'!E:E,'задача 2'!A30) -> 4
A13: Алексеева Полина Станиславовна | B13: =COUNTIF(Данные!B:B,'задача 2'!A117) -> 6 | C13: =SUMIF(Данные!B:B,'задача 2'!A117,Данные!D:D) -> 319447 | D13: =COUNTIF('задача 1'!E:E,'задача 2'!A84) -> 3
A14: Васильев Александр Иванович | B14: =COUNTIF(Данные!B:B,'задача 2'!A105) -> 6 | C14: =SUMIF(Данные!B:B,'задача 2'!A105,Данные!D:D) -> 354666 | D14: =COUNTIF('задача 1'!E:E,'задача 2'!A78) -> 3
A15: Васильев Александр Никитич | B15: =COUNTIF(Данные!B:B,'задача 2'!A107) -> 4 | C15: =SUMIF(Данные!B:B,'задача 2'!A107,Данные!D:D) -> 231247 | D15: =COUNTIF('задача 1'!E:E,'задача 2'!A107) -> 3
A16: Васильев Артур Дмитриевич | B16: =COUNTIF(Данные!B:B,'задача 2'!A48) -> 1 | C16: =SUMIF(Данные!B:B,'задача 2'!A48,Данные!D:D) -> 44778 | D16: =COUNTIF('задача 1'!E:E,'задача 2'!A92) -> 3
A17: Васильев Георгий Станиславович | B17: =COUNTIF(Данные!B:B,'задача 2'!A150) -> 3 | C17: =SUMIF(Данные!B:B,'задача 2'!A150,Данные!D:D) -> 138663 | D17: =COUNTIF('задача 1'!E:E,'задача 2'!A88) -> 4
A18: Васильев Егор Владимирович | B18: =COUNTIF(Данные!B:B,'задача 2'!A98) -> 3 | C18: =SUMIF(Данные!B:B,'задача 2'!A98,Данные!D:D) -> 186899 | D18: =COUNTIF('задача 1'!E:E,'задача 2'!A94) -> 7
A19: Васильев Кирилл Михайлович | B19: =COUNTIF(Данные!B:B,'задача 2'!A62) -> 10 | C19: =SUMIF(Данные!B:B,'задача 2'!A62,Данные!D:D) -> 640224 | D19: =COUNTIF('задача 1'!E:E,'задача 2'!A111) -> 6
A20: Васильев Никита Викторович | B20: =COUNTIF(Данные!B:B,'задача 2'!A27) -> 4 | C20: =SUMIF(Данные!B:B,'задача 2'!A27,Данные!D:D) -> 166867 | D20: =COUNTIF('задача 1'!E:E,'задача 2'!A10) -> 2
A21: Васильева Алиса Дмитриевна | B21: =COUNTIF(Данные!B:B,'задача 2'!A137) -> 9 | C21: =SUMIF(Данные!B:B,'задача 2'!A137,Данные!D:D) -> 516701 | D21: =COUNTIF('задача 1'!E:E,'задача 2'!A135) -> 4
A22: Васильева Мария Дмитриевна | B22: =COUNTIF(Данные!B:B,'задача 2'!A176) -> 1 | C22: =SUMIF(Данные!B:B,'задача 2'!A176,Данные!D:D) -> 62932 | D22: =COUNTIF('задача 1'!E:E,'задача 2'!A139) -> 3
A23: Васильева Наталья Никитична | B23: =COUNTIF(Данные!B:B,'задача 2'!A77) -> 2 | C23: =SUMIF(Данные!B:B,'задача 2'!A77,Данные!D:D) -> 157880 | D23: =COUNTIF('задача 1'!E:E,'задача 2'!A18) -> 6
A24: Васильева Татьяна Геннадьевна | B24: =COUNTIF(Данные!B:B,'задача 2'!A19) -> 7 | C24: =SUMIF(Данные!B:B,'задача 2'!A19,Данные!D:D) -> 231064 | D24: =COUNTIF('задача 1'!E:E,'задача 2'!A50) -> 5
A25: Волков Алексей Артемович | B25: =COUNTIF(Данные!B:B,'задача 2'!A73) -> 7 | C25: =SUMIF(Данные!B:B,'задача 2'!A73,Данные!D:D) -> 420965 | D25: =COUNTIF('задача 1'!E:E,'задача 2'!A100) -> 1
A26: Волков Константин Алексеевич | B26: =COUNTIF(Данные!B:B,'задача 2'!A53) -> 1 | C26: =SUMIF(Данные!B:B,'задача 2'!A53,Данные!D:D) -> 24731 | D26: =COUNTIF('задача 1'!E:E,'задача 2'!A44) -> 3
A27: Волков Никита Кириллович | B27: =COUNTIF(Данные!B:B,'задача 2'!A149) -> 7 | C27: =SUMIF(Данные!B:B,'задача 2'!A149,Данные!D:D) -> 309026 | D27: =COUNTIF('задача 1'!E:E,'задача 2'!A150) -> 3
A28: Волков Роман Иванович | B28: =COUNTIF(Данные!B:B,'задача 2'!A47) -> 2 | C28: =SUMIF(Данные!B:B,'задача 2'!A47,Данные!D:D) -> 43227 | D28: =COUNTIF('задача 1'!E:E,'задача 2'!A12) -> 8
A29: Волкова Валерия Олеговна | B29: =COUNTIF(Данные!B:B,'задача 2'!A30) -> 5 | C29: =SUMIF(Данные!B:B,'задача 2'!A30,Данные!D:D) -> 174802 | D29: =COUNTIF('задача 1'!E:E,'задача 2'!A113) -> 4
A30: Волкова Виктория Михайловна | B30: =COUNTIF(Данные!B:B,'задача 2'!A22) -> 4 | C30: =SUMIF(Данные!B:B,'задача 2'!A22,Данные!D:D) -> 182307 | D30: =COUNTIF('задача 1'!E:E,'задача 2'!A146) -> 4
A31: Волкова Наталья Александровна | B31: =COUNTIF(Данные!B:B,'задача 2'!A76) -> 6 | C31: =SUMIF(Данные!B:B,'задача 2'!A76,Данные!D:D) -> 299260 | D31: =COUNTIF('задача 1'!E:E,'задача 2'!A51) -> 3
A32: Волкова София Андреевна | B32: =COUNTIF(Данные!B:B,'задача 2'!A192) -> 5 | C32: =SUMIF(Данные!B:B,'задача 2'!A192,Данные!D:D) -> 145387 | D32: =COUNTIF('задача 1'!E:E,'задача 2'!A192) -> 3
A33: Волкова Татьяна Егоровна | B33: =COUNTIF(Данные!B:B,'задача 2'!A10) -> 4 | C33: =SUMIF(Данные!B:B,'задача 2'!A10,Данные!D:D) -> 233442 | D33: =COUNTIF('задача 1'!E:E,'задача 2'!A81) -> 3
A34: Егоров Георгий Никитич | B34: =COUNTIF(Данные!B:B,'задача 2'!A21) -> 5 | C34: =SUMIF(Данные!B:B,'задача 2'!A21,Данные!D:D) -> 189879 | D34: =COUNTIF('задача 1'!E:E,'задача 2'!A96) -> 4
A35: Егоров Никита Геннадьевич | B35: =COUNTIF(Данные!B:B,'задача 2'!A87) -> 2 | C35: =SUMIF(Данные!B:B,'задача 2'!A87,Данные!D:D) -> 81982 | D35: =COUNTIF('задача 1'!E:E,'задача 2'!A105) -> 4
A36: Егорова Полина Сергеевна | B36: =COUNTIF(Данные!B:B,'задача 2'!A8) -> 8 | C36: =SUMIF(Данные!B:B,'задача 2'!A8,Данные!D:D) -> 453343 | D36: =COUNTIF('задача 1'!E:E,'задача 2'!A180) -> 3
A37: Иванов Андрей Михайлович | B37: =COUNTIF(Данные!B:B,'задача 2'!A142) -> 6 | C37: =SUMIF(Данные!B:B,'задача 2'!A142,Данные!D:D) -> 321273 | D37: =COUNTIF('задача 1'!E:E,'задача 2'!A62) -> 7
A38: Иванов Владимир Романович | B38: =COUNTIF(Данные!B:B,'задача 2'!A112) -> 9 | C38: =SUMIF(Данные!B:B,'задача 2'!A112,Данные!D:D) -> 469234 | D38: =COUNTIF('задача 1'!E:E,'задача 2'!A132) -> 6
A39: Иванов Роман Никитич | B39: =COUNTIF(Данные!B:B,'задача 2'!A140) -> 5 | C39: =SUMIF(Данные!B:B,'задача 2'!A140,Данные!D:D) -> 304586 | D39: =COUNTIF('задача 1'!E:E,'задача 2'!A125) -> 3
A40: Иванова Александра Никитична | B40: =COUNTIF(Данные!B:B,'задача 2'!A157) -> 1 | C40: =SUMIF(Данные!B:B,'задача 2'!A157,Данные!D:D) -> 53169 | D40: =COUNTIF('задача 1'!E:E,'задача 2'!A36) -> 2
A41: Иванова Анна Викторовна | B41: =COUNTIF(Данные!B:B,'задача 2'!A166) -> 5 | C41: =SUMIF(Данные!B:B,'задача 2'!A166,Данные!D:D) -> 293108 | D41: =COUNTIF('задача 1'!E:E,'задача 2'!A5) -> 2
A42: Иванова Екатерина Егоровна | B42: =COUNTIF(Данные!B:B,'задача 2'!A88) -> 4 | C42: =SUMIF(Данные!B:B,'задача 2'!A88,Данные!D:D) -> 221120 | D42: =COUNTIF('задача 1'!E:E,'задача 2'!A7) -> 4
A43: Иванова Ксения Романовна | B43: =COUNTIF(Данные!B:B,'задача 2'!A46) -> 7 | C43: =SUMIF(Данные!B:B,'задача 2'!A46,Данные!D:D) -> 431322 | D43: =COUNTIF('задача 1'!E:E,'задача 2'!A75) -> 3
A44: Козлов Алексей Иванович | B44: =COUNTIF(Данные!B:B,'задача 2'!A99) -> 3 | C44: =SUMIF(Данные!B:B,'задача 2'!A99,Данные!D:D) -> 147928 | D44: =COUNTIF('задача 1'!E:E,'задача 2'!A123) -> 5
A45: Козлов Артем Владимирович | B45: =COUNTIF(Данные!B:B,'задача 2'!A75) -> 3 | C45: =SUMIF(Данные!B:B,'задача 2'!A75,Данные!D:D) -> 189999 | D45: =COUNTIF('задача 1'!E:E,'задача 2'!A91) -> 7
A46: Козлов Артур Андреевич | B46: =COUNTIF(Данные!B:B,'задача 2'!A37) -> 5 | C46: =SUMIF(Данные!B:B,'задача 2'!A37,Данные!D:D) -> 334870 | D46: =COUNTIF('задача 1'!E:E,'задача 2'!A32) -> 1
A47: Козлов Дмитрий Викторович | B47: =COUNTIF(Данные!B:B,'задача 2'!A18) -> 6 | C47: =SUMIF(Данные!B:B,'задача 2'!A18,Данные!D:D) -> 246202 | D47: =COUNTIF('задача 1'!E:E,'задача 2'!A190) -> 7
A48: Козлов Михаил Артемович | B48: =COUNTIF(Данные!B:B,'задача 2'!A162) -> 4 | C48: =SUMIF(Данные!B:B,'задача 2'!A162,Данные!D:D) -> 223374 | D48: =COUNTIF('задача 1'!E:E,'задача 2'!A189) -> 5
A49: Козлов Сергей Ильич | B49: =COUNTIF(Данные!B:B,'задача 2'!A188) -> 2 | C49: =SUMIF(Данные!B:B,'задача 2'!A188,Данные!D:D) -> 86575 | D49: =COUNTIF('задача 1'!E:E,'задача 2'!A155) -> 1
A50: Козлова Алиса Алексеевна | B50: =COUNTIF(Данные!B:B,'задача 2'!A103) -> 3 | C50: =SUMIF(Данные!B:B,'задача 2'!A103,Данные!D:D) -> 221872 | D50: =COUNTIF('задача 1'!E:E,'задача 2'!A83) -> 3
A51: Козлова Ирина Павловна | B51: =COUNTIF(Данные!B:B,'задача 2'!A81) -> 3 | C51: =SUMIF(Данные!B:B,'задача 2'!A81,Данные!D:D) -> 233280 | D51: =COUNTIF('задача 1'!E:E,'задача 2'!A121) -> 4
A52: Козлова Ксения Владимировна | B52: =COUNTIF(Данные!B:B,'задача 2'!A115) -> 5 | C52: =SUMIF(Данные!B:B,'задача 2'!A115,Данные!D:D) -> 287776 | D52: =COUNTIF('задача 1'!E:E,'задача 2'!A49) -> 2
A53: Козлова Полина Викторовна | B53: =COUNTIF(Данные!B:B,'задача 2'!A110) -> 4 | C53: =SUMIF(Данные!B:B,'задача 2'!A110,Данные!D:D) -> 186038 | D53: =COUNTIF('задача 1'!E:E,'задача 2'!A193) -> 9
A54: Козлова Полина Кирилловна | B54: =COUNTIF(Данные!B:B,'задача 2'!A40) -> 7 | C54: =SUMIF(Данные!B:B,'задача 2'!A40,Данные!D:D) -> 415730 | D54: =COUNTIF('задача 1'!E:E,'задача 2'!A99) -> 3
A55: Кузнецов Алексей Михайлович | B55: =COUNTIF(Данные!B:B,'задача 2'!A141) -> 7 | C55: =SUMIF(Данные!B:B,'задача 2'!A141,Данные!D:D) -> 361690 | D55: =COUNTIF('задача 1'!E:E,'задача 2'!A153) -> 6
A56: Кузнецов Георгий Никитич | B56: =COUNTIF(Данные!B:B,'задача 2'!A122) -> 3 | C56: =SUMIF(Данные!B:B,'задача 2'!A122,Данные!D:D) -> 199385 | D56: =COUNTIF('задача 1'!E:E,'задача 2'!A129) -> 3
A57: Кузнецов Никита Сергеевич | B57: =COUNTIF(Данные!B:B,'задача 2'!A152) -> 5 | C57: =SUMIF(Данные!B:B,'задача 2'!A152,Данные!D:D) -> 145927 | D57: =COUNTIF('задача 1'!E:E,'задача 2'!A23) -> 8
A58: Кузнецов Павел Егорович | B58: =COUNTIF(Данные!B:B,'задача 2'!A181) -> 7 | C58: =SUMIF(Данные!B:B,'задача 2'!A181,Данные!D:D) -> 321140 | D58: =COUNTIF('задача 1'!E:E,'задача 2'!A120) -> 5
A59: Кузнецов Сергей Станиславович | B59: =COUNTIF(Данные!B:B,'задача 2'!A134) -> 1 | C59: =SUMIF(Данные!B:B,'задача 2'!A134,Данные!D:D) -> 51752 | D59: =COUNTIF('задача 1'!E:E,'задача 2'!A95) -> 2
A60: Кузнецова Валерия Романовна | B60: =COUNTIF(Данные!B:B,'задача 2'!A44) -> 3 | C60: =SUMIF(Данные!B:B,'задача 2'!A44,Данные!D:D) -> 211983 | D60: =COUNTIF('задача 1'!E:E,'задача 2'!A15) -> 3
A61: Кузнецова Ксения Кирилловна | B61: =COUNTIF(Данные!B:B,'задача 2'!A79) -> 4 | C61: =SUMIF(Данные!B:B,'задача 2'!A79,Данные!D:D) -> 150969 | D61: =COUNTIF('задача 1'!E:E,'задача 2'!A185) -> 7
A62: Кузнецова София Сергеевна | B62: =COUNTIF(Данные!B:B,'задача 2'!A55) -> 4 | C62: =SUMIF(Данные!B:B,'задача 2'!A55,Данные!D:D) -> 152862 | D62: =COUNTIF('задача 1'!E:E,'задача 2'!A8) -> 7
A63: Лебедев Алексей Павлович | B63: =COUNTIF(Данные!B:B,'задача 2'!A183) -> 3 | C63: =SUMIF(Данные!B:B,'задача 2'!A183,Данные!D:D) -> 175211 | D63: =COUNTIF('задача 1'!E:E,'задача 2'!A169) -> 3
A64: Лебедев Артур Олегович | B64: =COUNTIF(Данные!B:B,'задача 2'!A156) -> 5 | C64: =SUMIF(Данные!B:B,'задача 2'!A156,Данные!D:D) -> 325798 | D64: =COUNTIF('задача 1'!E:E,'задача 2'!A90) -> 2
A65: Лебедев Иван Юрьевич | B65: =COUNTIF(Данные!B:B,'задача 2'!A146) -> 4 | C65: =SUMIF(Данные!B:B,'задача 2'!A146,Данные!D:D) -> 280562 | D65: =COUNTIF('задача 1'!E:E,'задача 2'!A143) -> 6
A66: Лебедев Павел Кириллович | B66: =COUNTIF(Данные!B:B,'задача 2'!A2) -> 1 | C66: =SUMIF(Данные!B:B,'задача 2'!A2,Данные!D:D) -> 16552 | D66: =COUNTIF('задача 1'!E:E,'задача 2'!A31) -> 6
A67: Лебедев Роман Станиславович | B67: =COUNTIF(Данные!B:B,'задача 2'!A36) -> 2 | C67: =SUMIF(Данные!B:B,'задача 2'!A36,Данные!D:D) -> 77401 | D67: =COUNTIF('задача 1'!E:E,'задача 2'!A122) -> 2
A68: Лебедев Сергей Иванович | B68: =COUNTIF(Данные!B:B,'задача 2'!A65) -> 3 | C68: =SUMIF(Данные!B:B,'задача 2'!A65,Данные!D:D) -> 176970 | D68: =COUNTIF('задача 1'!E:E,'задача 2'!A196) -> 3
A69: Лебедева Екатерина Сергеевна | B69: =COUNTIF(Данные!B:B,'задача 2'!A164) -> 3 | C69: =SUMIF(Данные!B:B,'задача 2'!A164,Данные!D:D) -> 236450 | D69: =COUNTIF('задача 1'!E:E,'задача 2'!A157) -> 1
A70: Лебедева Ирина Михайловна | B70: =COUNTIF(Данные!B:B,'задача 2'!A175) -> 5 | C70: =SUMIF(Данные!B:B,'задача 2'!A175,Данные!D:D) -> 179065 | D70: =COUNTIF('задача 1'!E:E,'задача 2'!A136) -> 2
A71: Лебедева Ирина Романовна | B71: =COUNTIF(Данные!B:B,'задача 2'!A190) -> 8 | C71: =SUMIF(Данные!B:B,'задача 2'!A190,Данные!D:D) -> 533311 | D71: =COUNTIF('задача 1'!E:E,'задача 2'!A126) -> 6
A72: Лебедева Людмила Юрьевна | B72: =COUNTIF(Данные!B:B,'задача 2'!A147) -> 7 | C72: =SUMIF(Данные!B:B,'задача 2'!A147,Данные!D:D) -> 464070 | D72: =COUNTIF('задача 1'!E:E,'задача 2'!A48) -> 1
A73: Лебедева Полина Артемовна | B73: =COUNTIF(Данные!B:B,'задача 2'!A20) -> 11 | C73: =SUMIF(Данные!B:B,'задача 2'!A20,Данные!D:D) -> 623859 | D73: =COUNTIF('задача 1'!E:E,'задача 2'!A35) -> 4
A74: Морозов Андрей Александрович | B74: =COUNTIF(Данные!B:B,'задача 2'!A121) -> 4 | C74: =SUMIF(Данные!B:B,'задача 2'!A121,Данные!D:D) -> 241382 | D74: =COUNTIF('задача 1'!E:E,'задача 2'!A142) -> 4
A75: Морозов Андрей Иванович | B75: =COUNTIF(Данные!B:B,'задача 2'!A58) -> 3 | C75: =SUMIF(Данные!B:B,'задача 2'!A58,Данные!D:D) -> 217177 | D75: =COUNTIF('задача 1'!E:E,'задача 2'!A134) -> 1
A76: Морозов Дмитрий Кириллович | B76: =COUNTIF(Данные!B:B,'задача 2'!A16) -> 5 | C76: =SUMIF(Данные!B:B,'задача 2'!A16,Данные!D:D) -> 250305 | D76: =COUNTIF('задача 1'!E:E,'задача 2'!A73) -> 5
A77: Морозов Илья Викторович | B77: =COUNTIF(Данные!B:B,'задача 2'!A143) -> 6 | C77: =SUMIF(Данные!B:B,'задача 2'!A143,Данные!D:D) -> 282891 | D77: =COUNTIF('задача 1'!E:E,'задача 2'!A151) -> 5
A78: Морозов Константин Романович | B78: =COUNTIF(Данные!B:B,'задача 2'!A59) -> 4 | C78: =SUMIF(Данные!B:B,'задача 2'!A59,Данные!D:D) -> 246046 | D78: =COUNTIF('задача 1'!E:E,'задача 2'!A152) -> 4
A79: Морозов Никита Иванович | B79: =COUNTIF(Данные!B:B,'задача 2'!A186) -> 5 | C79: =SUMIF(Данные!B:B,'задача 2'!A186,Данные!D:D) -> 248061 | D79: =COUNTIF('задача 1'!E:E,'задача 2'!A156) -> 4
A80: Морозов Сергей Олегович | B80: =COUNTIF(Данные!B:B,'задача 2'!A100) -> 1 | C80: =SUMIF(Данные!B:B,'задача 2'!A100,Данные!D:D) -> 50637 | D80: =COUNTIF('задача 1'!E:E,'задача 2'!A85) -> 4
A81: Морозова Александра Дмитриевна | B81: =COUNTIF(Данные!B:B,'задача 2'!A42) -> 11 | C81: =SUMIF(Данные!B:B,'задача 2'!A42,Данные!D:D) -> 678929 | D81: =COUNTIF('задача 1'!E:E,'задача 2'!A109) -> 6
A82: Морозова Алиса Андреевна | B82: =COUNTIF(Данные!B:B,'задача 2'!A83) -> 4 | C82: =SUMIF(Данные!B:B,'задача 2'!A83,Данные!D:D) -> 285644 | D82: =COUNTIF('задача 1'!E:E,'задача 2'!A66) -> 6
A83: Морозова Людмила Юрьевна | B83: =COUNTIF(Данные!B:B,'задача 2'!A25) -> 4 | C83: =SUMIF(Данные!B:B,'задача 2'!A25,Данные!D:D) -> 241864 | D83: =COUNTIF('задача 1'!E:E,'задача 2'!A77) -> 2
A84: Морозова Наталья Геннадьевна | B84: =COUNTIF(Данные!B:B,'задача 2'!A89) -> 2 | C84: =SUMIF(Данные!B:B,'задача 2'!A89,Данные!D:D) -> 126095 | D84: =COUNTIF('задача 1'!E:E,'задача 2'!A149) -> 6
A85: Морозова Наталья Никитична | B85: =COUNTIF(Данные!B:B,'задача 2'!A96) -> 4 | C85: =SUMIF(Данные!B:B,'задача 2'!A96,Данные!D:D) -> 122942 | D85: =COUNTIF('задача 1'!E:E,'задача 2'!A133) -> 4
A86: Морозова Ольга Геннадьевна | B86: =COUNTIF(Данные!B:B,'задача 2'!A31) -> 8 | C86: =SUMIF(Данные!B:B,'задача 2'!A31,Данные!D:D) -> 370286 | D86: =COUNTIF('задача 1'!E:E,'задача 2'!A60) -> 7
A87: Морозова Светлана Михайловна | B87: =COUNTIF(Данные!B:B,'задача 2'!A129) -> 3 | C87: =SUMIF(Данные!B:B,'задача 2'!A129,Данные!D:D) -> 175986 | D87: =COUNTIF('задача 1'!E:E,'задача 2'!A177) -> 1
A88: Морозова София Артемовна | B88: =COUNTIF(Данные!B:B,'задача 2'!A94) -> 14 | C88: =SUMIF(Данные!B:B,'задача 2'!A94,Данные!D:D) -> 801003 | D88: =COUNTIF('задача 1'!E:E,'задача 2'!A117) -> 5
A89: Морозова София Михайловна | B89: =COUNTIF(Данные!B:B,'задача 2'!A28) -> 10 | C89: =SUMIF(Данные!B:B,'задача 2'!A28,Данные!D:D) -> 578631 | D89: =COUNTIF('задача 1'!E:E,'задача 2'!A167) -> 3
A90: Николаев Александр Романович | B90: =COUNTIF(Данные!B:B,'задача 2'!A50) -> 5 | C90: =SUMIF(Данные!B:B,'задача 2'!A50,Данные!D:D) -> 277071 | D90: =COUNTIF('задача 1'!E:E,'задача 2'!A178) -> 1
A91: Николаев Артур Никитич | B91: =COUNTIF(Данные!B:B,'задача 2'!A86) -> 5 | C91: =SUMIF(Данные!B:B,'задача 2'!A86,Данные!D:D) -> 343943 | D91: =COUNTIF('задача 1'!E:E,'задача 2'!A24) -> 5
A92: Николаев Дмитрий Олегович | B92: =COUNTIF(Данные!B:B,'задача 2'!A85) -> 4 | C92: =SUMIF(Данные!B:B,'задача 2'!A85,Данные!D:D) -> 191975 | D92: =COUNTIF('задача 1'!E:E,'задача 2'!A182) -> 4
A93: Николаев Егор Станиславович | B93: =COUNTIF(Данные!B:B,'задача 2'!A116) -> 6 | C93: =SUMIF(Данные!B:B,'задача 2'!A116,Данные!D:D) -> 375002 | D93: =COUNTIF('задача 1'!E:E,'задача 2'!A89) -> 2
A94: Николаев Павел Артемович | B94: =COUNTIF(Данные!B:B,'задача 2'!A145) -> 3 | C94: =SUMIF(Данные!B:B,'задача 2'!A145,Данные!D:D) -> 136918 | D94: =COUNTIF('задача 1'!E:E,'задача 2'!A4) -> 1
A95: Николаев Роман Геннадьевич | B95: =COUNTIF(Данные!B:B,'задача 2'!A93) -> 5 | C95: =SUMIF(Данные!B:B,'задача 2'!A93,Данные!D:D) -> 260502 | D95: =COUNTIF('задача 1'!E:E,'задача 2'!A65) -> 2
A96: Николаева Вероника Юрьевна | B96: =COUNTIF(Данные!B:B,'задача 2'!A130) -> 7 | C96: =SUMIF(Данные!B:B,'задача 2'!A130,Данные!D:D) -> 395388 | D96: =COUNTIF('задача 1'!E:E,'задача 2'!A168) -> 4
A97: Николаева Ирина Владимировна | B97: =COUNTIF(Данные!B:B,'задача 2'!A39) -> 3 | C97: =SUMIF(Данные!B:B,'задача 2'!A39,Данные!D:D) -> 207087 | D97: =COUNTIF('задача 1'!E:E,'задача 2'!A2) -> 1
A98: Николаева Ирина Романовна | B98: =COUNTIF(Данные!B:B,'задача 2'!A158) -> 6 | C98: =SUMIF(Данные!B:B,'задача 2'!A158,Данные!D:D) -> 351118 | D98: =COUNTIF('задача 1'!E:E,'задача 2'!A137) -> 6
A99: Николаева Ксения Владимировна | B99: =COUNTIF(Данные!B:B,'задача 2'!A185) -> 8 | C99: =SUMIF(Данные!B:B,'задача 2'!A185,Данные!D:D) -> 423448 | D99: =COUNTIF('задача 1'!E:E,'задача 2'!A159) -> 4
A100: Николаева Полина Ивановна | B100: =COUNTIF(Данные!B:B,'задача 2'!A178) -> 1 | C100: =SUMIF(Данные!B:B,'задача 2'!A178,Данные!D:D) -> 41962 | D100: =COUNTIF('задача 1'!E:E,'задача 2'!A188) -> 1
...

Sheet задача 2.1
A1: ФИО клиента | B1: Дата сделки | C1: год | D1: месяц | E1: год-месяц | K1: ФИО клиента | L1: год-месяц | N1: ФИО клиента | O1: кол-во месяцев
A2: Лебедев Павел Кириллович | B2: 2023-09-01 | C2: =YEAR(B2) -> 2023 | D2: =MONTH(B2) -> 9 | E2: =C2&"-"&D2 -> 2023-9 | K2: Алексеев Алексей Павлович | L2: 2024-3 | N2: Николаева Ирина Владимировна | O2: =COUNTIF(K:K,N2) -> 11
A3: Попова Ольга Егоровна | B3: 2023-09-01 | C3: =YEAR(B3) -> 2023 | D3: =MONTH(B3) -> 9 | E3: =C3&"-"&D3 -> 2023-9 | K3: Алексеев Андрей Кириллович | L3: 2024-3 | N3: Васильев Никита Викторович | O3: =COUNTIF(K:K,N3) -> 9
A4: Попова Екатерина Владимировна | B4: 2023-09-01 | C4: =YEAR(B4) -> 2023 | D4: =MONTH(B4) -> 9 | E4: =C4&"-"&D4 -> 2023-9 | K4: Алексеев Андрей Кириллович | L4: 2024-4 | N4: Николаев Артур Никитич | O4: =COUNTIF(K:K,N4) -> 8
A5: Сидоров Артем Викторович | B5: 2023-09-04 | C5: =YEAR(B5) -> 2023 | D5: =MONTH(B5) -> 9 | E5: =C5&"-"&D5 -> 2023-9 | K5: Алексеев Дмитрий Станиславович | L5: 2024-8 | N5: Новикова Дарья Викторовна | O5: =COUNTIF(K:K,N5) -> 8
A6: Новиков Алексей Александрович | B6: 2023-09-04 | C6: =YEAR(B6) -> 2023 | D6: =MONTH(B6) -> 9 | E6: =C6&"-"&D6 -> 2023-9 | K6: Алексеев Матвей Кириллович | L6: 2023-9 | N6: Орлов Максим Егорович | O6: =COUNTIF(K:K,N6) -> 8
A7: Сидорова Полина Александровна | B7: 2023-09-04 | C7: =YEAR(B7) -> 2023 | D7: =MONTH(B7) -> 9 | E7: =C7&"-"&D7 -> 2023-9 | K7: Алексеев Матвей Кириллович | L7: 2024-6 | N7: Степанова Анна Никитична | O7: =COUNTIF(K:K,N7) -> 8
A8: Егорова Полина Сергеевна | B8: 2023-09-04 | C8: =YEAR(B8) -> 2023 | D8: =MONTH(B8) -> 9 | E8: =C8&"-"&D8 -> 2023-9 | K8: Алексеев Павел Дмитриевич | L8: 2023-11 | N8: Федорова Вероника Ивановна | O8: =COUNTIF(K:K,N8) -> 8
A9: Смирнов Дмитрий Александрович | B9: 2023-09-05 | C9: =YEAR(B9) -> 2023 | D9: =MONTH(B9) -> 9 | E9: =C9&"-"&D9 -> 2023-9 | K9: Алексеев Павел Дмитриевич | L9: 2024-5 | N9: Алексеева Алиса Ильинична | O9: =COUNTIF(K:K,N9) -> 7
A10: Волкова Татьяна Егоровна | B10: 2023-09-05 | C10: =YEAR(B10) -> 2023 | D10: =MONTH(B10) -> 9 | E10: =C10&"-"&D10 -> 2023-9 | K10: Алексеева Алиса Александровна | L10: 2023-9 | N10: Алексеева Виктория Александровна | O10: =COUNTIF(K:K,N10) -> 7
A11: Петрова Дарья Егоровна | B11: 2023-09-05 | C11: =YEAR(B11) -> 2023 | D11: =MONTH(B11) -> 9 | E11: =C11&"-"&D11 -> 2023-9 | K11: Алексеева Алиса Александровна | L11: 2023-10 | N11: Васильева Наталья Никитична | O11: =COUNTIF(K:K,N11) -> 7
A12: Смирнова София Ивановна | B12: 2023-09-06 | C12: =YEAR(B12) -> 2023 | D12: =MONTH(B12) -> 9 | E12: =C12&"-"&D12 -> 2023-9 | K12: Алексеева Алиса Александровна | L12: 2023-12 | N12: Волкова Наталья Александровна | O12: =COUNTIF(K:K,N12) -> 7
A13: Смирнов Михаил Алексеевич | B13: 2023-09-06 | C13: =YEAR(B13) -> 2023 | D13: =MONTH(B13) -> 9 | E13: =C13&"-"&D13 -> 2023-9 | K13: Алексеева Алиса Александровна | L13: 2024-8 | N13: Иванова Екатерина Егоровна | O13: =COUNTIF(K:K,N13) -> 7
... A196: Павлов Матвей Дмитриевич | B196: 2023-11-16 | C196: =YEAR(B196) -> 2023 | D196: =MONTH(B196) -> 11 | E196: =C196&"-"&D196 -> 2023-11 | K196: Козлов Артем Владимирович | L196: 2024-6 | N196: Смирнова Мария Сергеевна | O196: =COUNTIF(K:K,N196) -> 1
A197: Сидоров Михаил Артемович | B197: 2023-11-16 | C197: =YEAR(B197) -> 2023 | D197: =MONTH(B197) -> 11 | E197: =C197&"-"&D197 -> 2023-11 | K197: Козлов Артур Андреевич | L197: 2023-9
A198: Иванова Ксения Романовна | B198: 2023-11-16 | C198: =YEAR(B198) -> 2023 | D198: =MONTH(B198) -> 11 | E198: =C198&"-"&D198 -> 2023-11 | K198: Козлов Артур Андреевич | L198: 2023-11
A199: Егоров Никита Геннадьевич | B199: 2023-11-17 | C199: =YEAR(B199) -> 2023 | D199: =MONTH(B199) -> 11 | E199: =C199&"-"&D199 -> 2023-11 | K199: Козлов Артур Андреевич | L199: 2023-12
A200: Морозов Андрей Александрович | B200: 2023-11-17 | C200: =YEAR(B200) -> 2023 | D200: =MONTH(B200) -> 11 | E200: =C200&"-"&D200 -> 2023-11 | K200: Козлов Артур Андреевич | L200: 2024-1
A201: Кузнецов Георгий Никитич | B201: 2023-11-17 | C201: =YEAR(B201) -> 2023 | D201: =MONTH(B201) -> 11 | E201: =C201&"-"&D201 -> 2023-11 | K201: Козлов Артур Андреевич | L201: 2024-2
A202: Степанов Дмитрий Владимирович | B202: 2023-11-20 | C202: =YEAR(B202) -> 2023 | D202: =MONTH(B202) -> 11 | E202: =C202&"-"&D202 -> 2023-11 | K202: Козлов Артур Андреевич | L202: 2024-8
A203: Степанов Роман Павлович | B203: 2023-11-20 | C203: =YEAR(B203) -> 2023 | D203: =MONTH(B203) -> 11 | E203: =C203&"-"&D203 -> 2023-11 | K203: Козлов Дмитрий Викторович | L203: 2023-9
A204: Васильева Татьяна Геннадьевна | B204: 2023-11-20 | C204: =YEAR(B204) -> 2023 | D204: =MONTH(B204) -> 11 | E204: =C204&"-"&D204 -> 2023-11 | K204: Козлов Дмитрий Викторович | L204: 2024-5
A205: Волкова Наталья Александровна | B205: 2023-11-20 | C205: =YEAR(B205) -> 2023 | D205: =MONTH(B205) -> 11 | E205: =C205&"-"&D205 -> 2023-11 | K205: Козлов Михаил Артемович | L205: 2024-1
A206: Новикова Дарья Викторовна | B206: 2023-11-20 | C206: =YEAR(B206) -> 2023 | D206: =MONTH(B206) -> 11 | E206: =C206&"-"&D206 -> 2023-11 | K206: Козлов Сергей Ильич | L206: 2024-4
A207: Павлова Анна Михайловна | B207: 2023-11-20 | C207: =YEAR(B207) -> 2023 | D207: =MONTH(B207) -> 11 | E207: =C207&"-"&D207 -> 2023-11 | K207: Козлов Сергей Ильич | L207: 2024-5
A208: Федорова Вероника Ивановна | B208: 2023-11-20 | C208: =YEAR(B208) -> 2023 | D208: =MONTH(B208) -> 11 | E208: =C208&"-"&D208 -> 2023-11 | K208: Козлова Алиса Алексеевна | L208: 2023-10
... A810: Кузнецов Никита Сергеевич | B810: 2024-06-27 | C810: =YEAR(B810) -> 2024 | D810: =MONTH(B810) -> 6 | E810: =C810&"-"&D810 -> 2024-6 | K810: Федорова Татьяна Никитична | L810: 2024-8
A811: Смирнов Кирилл Сергеевич | B811: 2024-06-27 | C811: =YEAR(B811) -> 2024 | D811: =MONTH(B811) -> 6 | E811: =C811&"-"&D811 -> 2024-6
A812: Федорова Вероника Ивановна | B812: 2024-06-28 | C812: =YEAR(B812) -> 2024 | D812: =MONTH(B812) -> 6 | E812: =C812&"-"&D812 -> 2024-6
A813: Алексеев Матвей Кириллович | B813: 2024-06-28 | C813: =YEAR(B813) -> 2024 | D813: =MONTH(B813) -> 6 | E813: =C813&"-"&D813 -> 2024-6
A814: Новиков Иван Никитич | B814: 2024-06-28 | C814: =YEAR(B814) -> 2024 | D814: =MONTH(B814) -> 6 | E814: =C814&"-"&D814 -> 2024-6
A815: Алексеева Алиса Ильинична | B815: 2024-07-01 | C815: =YEAR(B815) -> 2024 | D815: =MONTH(B815) -> 7 | E815: =C815&"-"&D815 -> 2024-7
A816: Васильева Алиса Дмитриевна | B816: 2024-07-01 | C816: =YEAR(B816) -> 2024 | D816: =MONTH(B816) -> 7 | E816: =C816&"-"&D816 -> 2024-7
A817: Алексеева Виктория Александровна | B817: 2024-07-01 | C817: =YEAR(B817) -> 2024 | D817: =MONTH(B817) -> 7 | E817: =C817&"-"&D817 -> 2024-7
A818: Новикова Алиса Юрьевна | B818: 2024-07-01 | C818: =YEAR(B818) -> 2024 | D818: =MONTH(B818) -> 7 | E818: =C818&"-"&D818 -> 2024-7
A819: Алексеева Ксения Андреевна | B819: 2024-07-01 | C819: =YEAR(B819) -> 2024 | D819: =MONTH(B819) -> 7 | E819: =C819&"-"&D819 -> 2024-7
A820: Волкова Валерия Олеговна | B820: 2024-07-01 | C820: =YEAR(B820) -> 2024 | D820: =MONTH(B820) -> 7 | E820: =C820&"-"&D820 -> 2024-7
A821: Козлова Ксения Владимировна | B821: 2024-07-01 | C821: =YEAR(B821) -> 2024 | D821: =MONTH(B821) -> 7 | E821: =C821&"-"&D821 -> 2024-7
A822: Новикова Алиса Юрьевна | B822: 2024-07-01 | C822: =YEAR(B822) -> 2024 | D822: =MONTH(B822) -> 7 | E822: =C822&"-"&D822 -> 2024-7
... A1001: Иванова Александра Никитична | B1001: 2024-09-02 | C1001: =YEAR(B1001) -> 2024 | D1001: =MONTH(B1001) -> 9 | E1001: =C1001&"-"&D1001 -> 2024-9

Sheet задача 3.1
B1: 2023-9 | C1: 2023-10 | D1: 2023-11 | E1: 2023-12 | F1: 2024-1 | G1: 2024-2 | H1: 2024-3 | I1: 2024-4 | J1: 2024-5 | K1: 2024-6 | L1: 2024-7 | M1: 2024-8 | N1: 2024-9
A2: Белов Алексей Константинович | B2: =COUNTIFS('задача 3. данные'!$A:$A,'задача 3.1'!$A2,'задача 3. данные'!$H:$H,'задача 3.1'!B$1) -> 8 | C2: =COUNTIFS('задача 3. данные'!$A:$A,'задача 3.1'!$A2,'задача 3. данные'!$H:$H,'задача 3.1'!C$1) -> 5 | D2: =COUNTIFS('задача 3. данные'!$A:$A,'задача 3.1'!$A2,'задача 3. данные'!$H:$H,'задача 3.1'!D$1) -> 9 | E2: =COUNTIFS('задача 3. данные'!$A:$A,'задача 3.1'!$A2,'задача 3. данные'!$H:$H,'задача 3.1'!E$1) -> 3 | F2: =COUNTIFS('задача 3. данные'!$A:$A,'задача 3.1'!$A2,'задача 3. данные'!$H:$H,'задача 3.1'!F$1) -> 9 | G2: =COUNTIFS('задача 3. данные'!$A:$A,'задача 3.1'!$A2,'задача 3. данные'!$H:$H,'задача 3.1'!G$1) -> 4 | H2: =COUNTIFS('задача 3. данные'!$A:$A,'задача 3.1'!$A2,'задача 3. данные'!$H:$H,'задача 3.1'!H$1) -> 9 | I2: =COUNTIFS('задача 3. данные'!$A:$A,'задача 3.1'!$A2,'задача 3. данные'!$H:$H,'задача 3.1'!I$1) -> 5 | ... N2: =COUNTIFS('задача 3. данные'!$A:$A,'задача 3.1'!$A2,'задача 3. данные'!$H:$H,'задача 3.1'!N$1) -> 0
A3: Громова Мария Ильинична | B3: =COUNTIFS('задача 3. данные'!$A:$A,'задача 3.1'!$A3,'задача 3. данные'!$H:$H,'задача 3.1'!B$1) -> 3 | C3: =COUNTIFS('задача 3. данные'!$A:$A,'задача 3.1'!$A3,'задача 3. данные'!$H:$H,'задача 3.1'!C$1) -> 6 | D3: =COUNTIFS('задача 3. данные'!$A:$A,'задача 3.1'!$A3,'задача 3. данные'!$H:$H,'задача 3.1'!D$1) -> 6 | E3: =COUNTIFS('задача 3. данные'!$A:$A,'задача 3.1'!$A3,'задача 3. данные'!$H:$H,'задача 3.1'!E$1) -> 6 | F3: =COUNTIFS('задача 3. данные'!$A:$A,'задача 3.1'!$A3,'задача 3. данные'!$H:$H,'задача 3.1'!F$1) -> 7 | G3: =COUNTIFS('задача 3. данные'!$A:$A,'задача 3.1'!$A3,'задача 3. данные'!$H:$H,'задача 3.1'!G$1) -> 8 | H3: =COUNTIFS('задача 3. данные'!$A:$A,'задача 3.1'!$A3,'задача 3. данные'!$H:$H,'задача 3.1'!H$1) -> 7 | I3: =COUNTIFS('задача 3. данные'!$A:$A,'задача 3.1'!$A3,'задача 3. данные'!$H:$H,'задача 3.1'!I$1) -> 5 | ... N3: =COUNTIFS('задача 3. данные'!$A:$A,'задача 3.1'!$A3,'задача 3. данные'!$H:$H,'задача 3.1'!N$1) -> 0
A4: Иванова Анна Сергеевна | B4: =COUNTIFS('задача 3. данные'!$A:$A,'задача 3.1'!$A4,'задача 3. данные'!$H:$H,'задача 3.1'!B$1) -> 5 | C4: =COUNTIFS('задача 3. данные'!$A:$A,'задача 3.1'!$A4,'задача 3. данные'!$H:$H,'задача 3.1'!C$1) -> 3 | D4: =COUNTIFS('задача 3. данные'!$A:$A,'задача 3.1'!$A4,'задача 3. данные'!$H:$H,'задача 3.1'!D$1) -> 5 | E4: =COUNTIFS('задача 3. данные'!$A:$A,'задача 3.1'!$A4,'задача 3. данные'!$H:$H,'задача 3.1'!E$1) -> 9 | F4: =COUNTIFS('задача 3. данные'!$A:$A,'задача 3.1'!$A4,'задача 3. данные'!$H:$H,'задача 3.1'!F$1) -> 3 | G4: =COUNTIFS('задача 3. данные'!$A:$A,'задача 3.1'!$A4,'задача 3. данные'!$H:$H,'задача 3.1'!G$1) -> 5 | H4: =COUNTIFS('задача 3. данные'!$A:$A,'задача 3.1'!$A4,'задача 3. данные'!$H:$H,'задача 3.1'!H$1) -> 10 | I4: =COUNTIFS('задача 3. данные'!$A:$A,'задача 3.1'!$A4,'задача 3. данные'!$H:$H,'задача 3.1'!I$1) -> 15 | ... N4: =COUNTIFS('задача 3. данные'!$A:$A,'задача 3.1'!$A4,'задача 3. данные'!$H:$H,'задача 3.1'!N$1) -> 2
A5: Кузнецов Дмитрий Львович | B5: =COUNTIFS('задача 3. данные'!$A:$A,'задача 3.1'!$A5,'задача 3. данные'!$H:$H,'задача 3.1'!B$1) -> 7 | C5: =COUNTIFS('задача 3. данные'!$A:$A,'задача 3.1'!$A5,'задача 3. данные'!$H:$H,'задача 3.1'!C$1) -> 5 | D5: =COUNTIFS('задача 3. данные'!$A:$A,'задача 3.1'!$A5,'задача 3. данные'!$H:$H,'задача 3.1'!D$1) -> 13 | E5: =COUNTIFS('задача 3. данные'!$A:$A,'задача 3.1'!$A5,'задача 3. данные'!$H:$H,'задача 3.1'!E$1) -> 12 | F5: =COUNTIFS('задача 3. данные'!$A:$A,'задача 3.1'!$A5,'задача 3. данные'!$H:$H,'задача 3.1'!F$1) -> 9 | G5: =COUNTIFS('задача 3. данные'!$A:$A,'задача 3.1'!$A5,'задача 3. данные'!$H:$H,'задача 3.1'!G$1) -> 4 | H5: =COUNTIFS('задача 3. данные'!$A:$A,'задача 3.1'!$A5,'задача 3. данные'!$H:$H,'задача 3.1'!H$1) -> 6 | I5: =COUNTIFS('задача 3. данные'!$A:$A,'задача 3.1'!$A5,'задача 3. данные'!$H:$H,'задача 3.1'!I$1) -> 6 | ... N5: =COUNTIFS('задача 3. данные'!$A:$A,'задача 3.1'!$A5,'задача 3. данные'!$H:$H,'задача 3.1'!N$1) -> 0
A6: Новикова Ольга Петровна | B6: =COUNTIFS('задача 3. данные'!$A:$A,'задача 3.1'!$A6,'задача 3. данные'!$H:$H,'задача 3.1'!B$1) -> 10 | C6: =COUNTIFS('задача 3. данные'!$A:$A,'задача 3.1'!$A6,'задача 3. данные'!$H:$H,'задача 3.1'!C$1) -> 7 | D6: =COUNTIFS('задача 3. данные'!$A:$A,'задача 3.1'!$A6,'задача 3. данные'!$H:$H,'задача 3.1'!D$1) -> 6 | E6: =COUNTIFS('задача 3. данные'!$A:$A,'задача 3.1'!$A6,'задача 3. данные'!$H:$H,'задача 3.1'!E$1) -> 4 | F6: =COUNTIFS('задача 3. данные'!$A:$A,'задача 3.1'!$A6,'задача 3. данные'!$H:$H,'задача 3.1'!F$1) -> 7 | G6: =COUNTIFS('задача 3. данные'!$A:$A,'задача 3.1'!$A6,'задача 3. данные'!$H:$H,'задача 3.1'!G$1) -> 3 | H6: =COUNTIFS('задача 3. данные'!$A:$A,'задача 3.1'!$A6,'задача 3. данные'!$H:$H,'задача 3.1'!H$1) -> 6 | I6: =COUNTIFS('задача 3. данные'!$A:$A,'задача 3.1'!$A6,'задача 3. данные'!$H:$H,'задача 3.1'!I$1) -> 8 | ... N6: =COUNTIFS('задача 3. данные'!$A:$A,'задача 3.1'!$A6,'задача 3. данные'!$H:$H,'задача 3.1'!N$1) -> 0
A7: Орлов Павел Денисович | B7: =COUNTIFS('задача 3. данные'!$A:$A,'задача 3.1'!$A7,'задача 3. данные'!$H:$H,'задача 3.1'!B$1) -> 7 | C7: =COUNTIFS('задача 3. данные'!$A:$A,'задача 3.1'!$A7,'задача 3. данные'!$H:$H,'задача 3.1'!C$1) -> 5 | D7: =COUNTIFS('задача 3. данные'!$A:$A,'задача 3.1'!$A7,'задача 3. данные'!$H:$H,'задача 3.1'!D$1) -> 6 | E7: =COUNTIFS('задача 3. данные'!$A:$A,'задача 3.1'!$A7,'задача 3. данные'!$H:$H,'задача 3.1'!E$1) -> 10 | F7: =COUNTIFS('задача 3. данные'!$A:$A,'задача 3.1'!$A7,'задача 3. данные'!$H:$H,'задача 3.1'!F$1) -> 12 | G7: =COUNTIFS('задача 3. данные'!$A:$A,'задача 3.1'!$A7,'задача 3. данные'!$H:$H,'задача 3.1'!G$1) -> 11 | H7: =COUNTIFS('задача 3. данные'!$A:$A,'задача 3.1'!$A7,'задача 3. данные'!$H:$H,'задача 3.1'!H$1) -> 9 | I7: =COUNTIFS('задача 3. данные'!$A:$A,'задача 3.1'!$A7,'задача 3. данные'!$H:$H,'задача 3.1'!I$1) -> 4 | ... N7: =COUNTIFS('задача 3. данные'!$A:$A,'задача 3.1'!$A7,'задача 3. данные'!$H:$H,'задача 3.1'!N$1) -> 0
A8: Петров Владимир Кириллович | B8: =COUNTIFS('задача 3. данные'!$A:$A,'задача 3.1'!$A8,'задача 3. данные'!$H:$H,'задача 3.1'!B$1) -> 5 | C8: =COUNTIFS('задача 3. данные'!$A:$A,'задача 3.1'!$A8,'задача 3. данные'!$H:$H,'задача 3.1'!C$1) -> 10 | D8: =COUNTIFS('задача 3. данные'!$A:$A,'задача 3.1'!$A8,'задача 3. данные'!$H:$H,'задача 3.1'!D$1) -> 9 | E8: =COUNTIFS('задача 3. данные'!$A:$A,'задача 3.1'!$A8,'задача 3. данные'!$H:$H,'задача 3.1'!E$1) -> 7 | F8: =COUNTIFS('задача 3. данные'!$A:$A,'задача 3.1'!$A8,'задача 3. данные'!$H:$H,'задача 3.1'!F$1) -> 7 | G8: =COUNTIFS('задача 3. данные'!$A:$A,'задача 3.1'!$A8,'задача 3. данные'!$H:$H,'задача 3.1'!G$1) -> 9 | H8: =COUNTIFS('задача 3. данные'!$A:$A,'задача 3.1'!$A8,'задача 3. данные'!$H:$H,'задача 3.1'!H$1) -> 7 | I8: =COUNTIFS('задача 3. данные'!$A:$A,'задача 3.1'!$A8,'задача 3. данные'!$H:$H,'задача 3.1'!I$1) -> 6 | ... N8: =COUNTIFS('задача 3. данные'!$A:$A,'задача 3.1'!$A8,'задача 3. данные'!$H:$H,'задача 3.1'!N$1) -> 0
A9: Семенова Ирина Валерьевна | B9: =COUNTIFS('задача 3. данные'!$A:$A,'задача 3.1'!$A9,'задача 3. данные'!$H:$H,'задача 3.1'!B$1) -> 2 | C9: =COUNTIFS('задача 3. данные'!$A:$A,'задача 3.1'!$A9,'задача 3. данные'!$H:$H,'задача 3.1'!C$1) -> 13 | D9: =COUNTIFS('задача 3. данные'!$A:$A,'задача 3.1'!$A9,'задача 3. данные'!$H:$H,'задача 3.1'!D$1) -> 11 | E9: =COUNTIFS('задача 3. данные'!$A:$A,'задача 3.1'!$A9,'задача 3. данные'!$H:$H,'задача 3.1'!E$1) -> 5 | F9: =COUNTIFS('задача 3. данные'!$A:$A,'задача 3.1'!$A9,'задача 3. данные'!$H:$H,'задача 3.1'!F$1) -> 11 | G9: =COUNTIFS('задача 3. данные'!$A:$A,'задача 3.1'!$A9,'задача 3. данные'!$H:$H,'задача 3.1'!G$1) -> 5 | H9: =COUNTIFS('задача 3. данные'!$A:$A,'задача 3.1'!$A9,'задача 3. данные'!$H:$H,'задача 3.1'!H$1) -> 9 | I9: =COUNTIFS('задача 3. данные'!$A:$A,'задача 3.1'!$A9,'задача 3. данные'!$H:$H,'задача 3.1'!I$1) -> 13 | ... N9: =COUNTIFS('задача 3. данные'!$A:$A,'задача 3.1'!$A9,'задача 3. данные'!$H:$H,'задача 3.1'!N$1) -> 0
A10: Сидорова Елена Васильевна | B10: =COUNTIFS('задача 3. данные'!$A:$A,'задача 3.1'!$A10,'задача 3. данные'!$H:$H,'задача 3.1'!B$1) -> 8 | C10: =COUNTIFS('задача 3. данные'!$A:$A,'задача 3.1'!$A10,'задача 3. данные'!$H:$H,'задача 3.1'!C$1) -> 6 | D10: =COUNTIFS('задача 3. данные'!$A:$A,'задача 3.1'!$A10,'задача 3. данные'!$H:$H,'задача 3.1'!D$1) -> 3 | E10: =COUNTIFS('задача 3. данные'!$A:$A,'задача 3.1'!$A10,'задача 3. данные'!$H:$H,'задача 3.1'!E$1) -> 4 | F10: =COUNTIFS('задача 3. данные'!$A:$A,'задача 3.1'!$A10,'задача 3. данные'!$H:$H,'задача 3.1'!F$1) -> 5 | G10: =COUNTIFS('задача 3. данные'!$A:$A,'задача 3.1'!$A10,'задача 3. данные'!$H:$H,'задача 3.1'!G$1) -> 7 | H10: =COUNTIFS('задача 3. данные'!$A:$A,'задача 3.1'!$A10,'задача 3. данные'!$H:$H,'задача 3.1'!H$1) -> 5 | I10: =COUNTIFS('задача 3. данные'!$A:$A,'задача 3.1'!$A10,'задача 3. данные'!$H:$H,'задача 3.1'!I$1) -> 9 | ... N10: =COUNTIFS('задача 3. данные'!$A:$A,'задача 3.1'!$A10,'задача 3. данные'!$H:$H,'задача 3.1'!N$1) -> 0
A11: Ткаченко Андрей Олегович | B11: =COUNTIFS('задача 3. данные'!$A:$A,'задача 3.1'!$A11,'задача 3. данные'!$H:$H,'задача 3.1'!B$1) -> 9 | C11: =COUNTIFS('задача 3. данные'!$A:$A,'задача 3.1'!$A11,'задача 3. данные'!$H:$H,'задача 3.1'!C$1) -> 7 | D11: =COUNTIFS('задача 3. данные'!$A:$A,'задача 3.1'!$A11,'задача 3. данные'!$H:$H,'задача 3.1'!D$1) -> 2 | E11: =COUNTIFS('задача 3. данные'!$A:$A,'задача 3.1'!$A11,'задача 3. данные'!$H:$H,'задача 3.1'!E$1) -> 9 | F11: =COUNTIFS('задача 3. данные'!$A:$A,'задача 3.1'!$A11,'задача 3. данные'!$H:$H,'задача 3.1'!F$1) -> 7 | G11: =COUNTIFS('задача 3. данные'!$A:$A,'задача 3.1'!$A11,'задача 3. данные'!$H:$H,'задача 3.1'!G$1) -> 6 | H11: =COUNTIFS('задача 3. данные'!$A:$A,'задача 3.1'!$A11,'задача 3. данные'!$H:$H,'задача 3.1'!H$1) -> 7 | I11: =COUNTIFS('задача 3. данные'!$A:$A,'задача 3.1'!$A11,'задача 3. данные'!$H:$H,'задача 3.1'!I$1) -> 6 | ... N11: =COUNTIFS('задача 3. данные'!$A:$A,'задача 3.1'!$A11,'задача 3. данные'!$H:$H,'задача 3.1'!N$1) -> 1
A12: Фролов Сергей Викторович | B12: =COUNTIFS('задача 3. данные'!$A:$A,'задача 3.1'!$A12,'задача 3. данные'!$H:$H,'задача 3.1'!B$1) -> 11 | C12: =COUNTIFS('задача 3. данные'!$A:$A,'задача 3.1'!$A12,'задача 3. данные'!$H:$H,'задача 3.1'!C$1) -> 7 | D12: =COUNTIFS('задача 3. данные'!$A:$A,'задача 3.1'!$A12,'задача 3. данные'!$H:$H,'задача 3.1'!D$1) -> 2 | E12: =COUNTIFS('задача 3. данные'!$A:$A,'задача 3.1'!$A12,'задача 3. данные'!$H:$H,'задача 3.1'!E$1) -> 7 | F12: =COUNTIFS('задача 3. данные'!$A:$A,'задача 3.1'!$A12,'задача 3. данные'!$H:$H,'задача 3.1'!F$1) -> 10 | G12: =COUNTIFS('задача 3. данные'!$A:$A,'задача 3.1'!$A12,'задача 3. данные'!$H:$H,'задача 3.1'!G$1) -> 7 | H12: =COUNTIFS('задача 3. данные'!$A:$A,'задача 3.1'!$A12,'задача 3. данные'!$H:$H,'задача 3.1'!H$1) -> 8 | I12: =COUNTIFS('задача 3. данные'!$A:$A,'задача 3.1'!$A12,'задача 3. данные'!$H:$H,'задача 3.1'!I$1) -> 5 | ... N12: =COUNTIFS('задача 3. данные'!$A:$A,'задача 3.1'!$A12,'задача 3. данные'!$H:$H,'задача 3.1'!N$1) -> 0
A13: Яковлев Артем Игоревич | B13: =COUNTIFS('задача 3. данные'!$A:$A,'задача 3.1'!$A13,'задача 3. данные'!$H:$H,'задача 3.1'!B$1) -> 5 | C13: =COUNTIFS('задача 3. данные'!$A:$A,'задача 3.1'!$A13,'задача 3. данные'!$H:$H,'задача 3.1'!C$1) -> 7 | D13: =COUNTIFS('задача 3. данные'!$A:$A,'задача 3.1'!$A13,'задача 3. данные'!$H:$H,'задача 3.1'!D$1) -> 4 | E13: =COUNTIFS('задача 3. данные'!$A:$A,'задача 3.1'!$A13,'задача 3. данные'!$H:$H,'задача 3.1'!E$1) -> 5 | F13: =COUNTIFS('задача 3. данные'!$A:$A,'задача 3.1'!$A13,'задача 3. данные'!$H:$H,'задача 3.1'!F$1) -> 7 | G13: =COUNTIFS('задача 3. данные'!$A:$A,'задача 3.1'!$A13,'задача 3. данные'!$H:$H,'задача 3.1'!G$1) -> 12 | H13: =COUNTIFS('задача 3. данные'!$A:$A,'задача 3.1'!$A13,'задача 3. данные'!$H:$H,'задача 3.1'!H$1) -> 8 | I13: =COUNTIFS('задача 3. данные'!$A:$A,'задача 3.1'!$A13,'задача 3. данные'!$H:$H,'задача 3.1'!I$1) -> 1 | ... N13: =COUNTIFS('задача 3. данные'!$A:$A,'задача 3.1'!$A13,'задача 3. данные'!$H:$H,'задача 3.1'!N$1) -> 0

Sheet задача 3. данные
A1: ФИО менеджера | B1: ФИО клиента | C1: Дата сделки | D1: Сумма сделки | E1: NPS | F1: год | G1: месяц | H1: год-месяц
A2: Ткаченко Андрей Олегович | B2: Лебедев Павел Кириллович | C2: 2023-09-01 | D2: 63205 | E2: 8 | F2: =YEAR(C2) -> 2023 | G2: =MONTH(C2) -> 9 | H2: =F2&"-"&G2 -> 2023-9
A3: Белов Алексей Константинович | B3: Попова Ольга Егоровна | C3: 2023-09-01 | D3: 38636 | E3: 8 | F3: =YEAR(C3) -> 2023 | G3: =MONTH(C3) -> 9 | H3: =F3&"-"&G3 -> 2023-9
A4: Новикова Ольга Петровна | B4: Попова Екатерина Владимировна | C4: 2023-09-01 | D4: 67204 | E4: 6 | F4: =YEAR(C4) -> 2023 | G4: =MONTH(C4) -> 9 | H4: =F4&"-"&G4 -> 2023-9
A5: Сидорова Елена Васильевна | B5: Сидоров Артем Викторович | C5: 2023-09-04 | D5: 84220 | E5: 9 | F5: =YEAR(C5) -> 2023 | G5: =MONTH(C5) -> 9 | H5: =F5&"-"&G5 -> 2023-9
A6: Громова Мария Ильинична | B6: Новиков Алексей Александрович | C6: 2023-09-04 | D6: 78490 | E6: 7 | F6: =YEAR(C6) -> 2023 | G6: =MONTH(C6) -> 9 | H6: =F6&"-"&G6 -> 2023-9
A7: Орлов Павел Денисович | B7: Сидорова Полина Александровна | C7: 2023-09-04 | D7: 58851 | E7: 5 | F7: =YEAR(C7) -> 2023 | G7: =MONTH(C7) -> 9 | H7: =F7&"-"&G7 -> 2023-9
A8: Белов Алексей Константинович | B8: Егорова Полина Сергеевна | C8: 2023-09-04 | D8: 52764 | E8: 8 | F8: =YEAR(C8) -> 2023 | G8: =MONTH(C8) -> 9 | H8: =F8&"-"&G8 -> 2023-9
A9: Новикова Ольга Петровна | B9: Смирнов Дмитрий Александрович | C9: 2023-09-05 | D9: 91862 | E9: 8 | F9: =YEAR(C9) -> 2023 | G9: =MONTH(C9) -> 9 | H9: =F9&"-"&G9 -> 2023-9
A10: Новикова Ольга Петровна | B10: Волкова Татьяна Егоровна | C10: 2023-09-05 | D10: 40540 | E10: 7 | F10: =YEAR(C10) -> 2023 | G10: =MONTH(C10) -> 9 | H10: =F10&"-"&G10 -> 2023-9
A11: Кузнецов Дмитрий Львович | B11: Петрова Дарья Егоровна | C11: 2023-09-05 | D11: 67289 | E11: 5 | F11: =YEAR(C11) -> 2023 | G11: =MONTH(C11) -> 9 | H11: =F11&"-"&G11 -> 2023-9
A12: Сидорова Елена Васильевна | B12: Смирнова София Ивановна | C12: 2023-09-06 | D12: 19382 | E12: 2 | F12: =YEAR(C12) -> 2023 | G12: =MONTH(C12) -> 9 | H12: =F12&"-"&G12 -> 2023-9
A13: Фролов Сергей Викторович | B13: Смирнов Михаил Алексеевич | C13: 2023-09-06 | D13: 38637 | E13: 5 | F13: =YEAR(C13) -> 2023 | G13: =MONTH(C13) -> 9 | H13: =F13&"-"&G13 -> 2023-9
... A1001: Ткаченко Андрей Олегович | B1001: Иванова Александра Никитична | C1001: 2024-09-02 | D1001: 72906 | E1001: 7 | F1001: =YEAR(C1001) -> 2024 | G1001: =MONTH(C1001) -> 9 | H1001: =F1001&"-"&G1001 -> 2024-9

Sheet задача 3.2
B1: 2023-9 | C1: 2023-10 | D1: 2023-11 | E1: 2023-12 | F1: 2024-1 | G1: 2024-2 | H1: 2024-3 | I1: 2024-4 | J1: 2024-5 | K1: 2024-6 | L1: 2024-7 | M1: 2024-8 | N1: 2024-9
A2: Белов Алексей Константинович | B2: =IFERROR( (COUNTIFS('задача 3. данные'!$A:$A,'задача 3.2'!$A2,'задача 3. данные'!$H:$H,'задача 3.2'!B$1,'задача 3. данные'!$E:$E,">=9")- COUNTIFS('задача 3. данные'!$A:$A,'задача 3.2'!$A2,'задача 3. данные'!$H:$H,'задача 3.2'!B$1,'задача 3. данные'!$E:$E,"<=6"))/ COUNTIFS('задача 3. данные'!$A:$A,'задача 3.2'!$A2,'задача 3. данные'!$H:$H,'задача 3.2'!B$1,'задача 3. данные'!$E:$E,">=0"),"") -> 0.125 | C2: =IFERROR( (COUNTIFS('задача 3. данные'!$A:$A,'задача 3.2'!$A2,'задача 3. данные'!$H:$H,'задача 3.2'!C$1,'задача 3. данные'!$E:$E,">=9")- COUNTIFS('задача 3. данные'!$A:$A,'задача 3.2'!$A2,'задача 3. данные'!$H:$H,'задача 3.2'!C$1,'задача 3. данные'!$E:$E,"<=6"))/ COUNTIFS('задача 3. данные'!$A:$A,'задача 3.2'!$A2,'задача 3. данные'!$H:$H,'задача 3.2'!C$1,'задача 3. данные'!$E:$E,">=0"),"") -> -0.4 | D2: =IFERROR( (COUNTIFS('задача 3. данные'!$A:$A,'задача 3.2'!$A2,'задача 3. данные'!$H:$H,'задача 3.2'!D$1,'задача 3. данные'!$E:$E,">=9")- COUNTIFS('задача 3. данные'!$A:$A,'задача 3.2'!$A2,'задача 3. данные'!$H:$H,'задача 3.2'!D$1,'задача 3. данные'!$E:$E,"<=6"))/ COUNTIFS('задача 3. данные'!$A:$A,'задача 3.2'!$A2,'задача 3. данные'!$H:$H,'задача 3.2'!D$1,'задача 3. данные'!$E:$E,">=0"),"") -> -0.44444444 | E2: =IFERROR( (COUNTIFS('задача 3. данные'!$A:$A,'задача 3.2'!$A2,'задача 3. данные'!$H:$H,'задача 3.2'!E$1,'задача 3. данные'!$E:$E,">=9")- COUNTIFS('задача 3. данные'!$A:$A,'задача 3.2'!$A2,'задача 3. данные'!$H:$H,'задача 3.2'!E$1,'задача 3. данные'!$E:$E,"<=6"))/ COUNTIFS('задача 3. данные'!$A:$A,'задача 3.2'!$A2,'задача 3. данные'!$H:$H,'задача 3.2'!E$1,'задача 3. данные'!$E:$E,">=0"),"") -> -1 | F2: =IFERROR( (COUNTIFS('задача 3. данные'!$A:$A,'задача 3.2'!$A2,'задача 3. данные'!$H:$H,'задача 3.2'!F$1,'задача 3. данные'!$E:$E,">=9")- COUNTIFS('задача 3. данные'!$A:$A,'задача 3.2'!$A2,'задача 3. данные'!$H:$H,'задача 3.2'!F$1,'задача 3. данные'!$E:$E,"<=6"))/ COUNTIFS('задача 3. данные'!$A:$A,'задача 3.2'!$A2,'задача 3. данные'!$H:$H,'задача 3.2'!F$1,'задача 3. данные'!$E:$E,">=0"),"") -> -0.33333333 | G2: =IFERROR( (COUNTIFS('задача 3. данные'!$A:$A,'задача 3.2'!$A2,'задача 3. данные'!$H:$H,'задача 3.2'!G$1,'задача 3. данные'!$E:$E,">=9")- COUNTIFS('задача 3. данные'!$A:$A,'задача 3.2'!$A2,'задача 3. данные'!$H:$H,'задача 3.2'!G$1,'задача 3. данные'!$E:$E,"<=6"))/ COUNTIFS('задача 3. данные'!$A:$A,'задача 3.2'!$A2,'задача 3. данные'!$H:$H,'задача 3.2'!G$1,'задача 3. данные'!$E:$E,">=0"),"") -> -0.5 | H2: =IFERROR( (COUNTIFS('задача 3. данные'!$A:$A,'задача 3.2'!$A2,'задача 3. данные'!$H:$H,'задача 3.2'!H$1,'задача 3. данные'!$E:$E,">=9")- COUNTIFS('задача 3. данные'!$A:$A,'задача 3.2'!$A2,'задача 3. данные'!$H:$H,'задача 3.2'!H$1,'задача 3. данные'!$E:$E,"<=6"))/ COUNTIFS('задача 3. данные'!$A:$A,'задача 3.2'!$A2,'задача 3. данные'!$H:$H,'задача 3.2'!H$1,'задача 3. данные'!$E:$E,">=0"),"") -> -0.11111111 | I2: =IFERROR( (COUNTIFS('задача 3. данные'!$A:$A,'задача 3.2'!$A2,'задача 3. данные'!$H:$H,'задача 3.2'!I$1,'задача 3. данные'!$E:$E,">=9")- COUNTIFS('задача 3. данные'!$A:$A,'задача 3.2'!$A2,'задача 3. данные'!$H:$H,'задача 3.2'!I$1,'задача 3. данные'!$E:$E,"<=6"))/ COUNTIFS('задача 3. данные'!$A:$A,'задача 3.2'!$A2,'задача 3. данные'!$H:$H,'задача 3.2'!I$1,'задача 3. данные'!$E:$E,">=0"),"") -> -0.6 | ... N2: =IFERROR( (COUNTIFS('задача 3. данные'!$A:$A,'задача 3.2'!$A2,'задача 3. данные'!$H:$H,'задача 3.2'!N$1,'задача 3. данные'!$E:$E,">=9")- COUNTIFS('задача 3. данные'!$A:$A,'задача 3.2'!$A2,'задача 3. данные'!$H:$H,'задача 3.2'!N$1,'задача 3. данные'!$E:$E,"<=6"))/ COUNTIFS('задача 3. данные'!$A:$A,'задача 3.2'!$A2,'задача 3. данные'!$H:$H,'задача 3.2'!N$1,'задача 3. данные'!$E:$E,">=0"),"")
A3: Громова Мария Ильинична | B3: =IFERROR( (COUNTIFS('задача 3. данные'!$A:$A,'задача 3.2'!$A3,'задача 3. данные'!$H:$H,'задача 3.2'!B$1,'задача 3. данные'!$E:$E,">=9")- COUNTIFS('задача 3. данные'!$A:$A,'задача 3.2'!$A3,'задача 3. данные'!$H:$H,'задача 3.2'!B$1,'задача 3. данные'!$E:$E,"<=6"))/ COUNTIFS('задача 3. данные'!$A:$A,'задача 3.2'!$A3,'задача 3. данные'!$H:$H,'задача 3.2'!B$1,'задача 3. данные'!$E:$E,">=0"),"") -> -0.33333333 | C3: =IFERROR( (COUNTIFS('задача 3. данные'!$A:$A,'задача 3.2'!$A3,'задача 3. данные'!$H:$H,'задача 3.2'!C$1,'задача 3. данные'!$E:$E,">=9")- COUNTIFS('задача 3. данные'!$A:$A,'задача 3.2'!$A3,'задача 3. данные'!$H:$H,'задача 3.2'!C$1,'задача 3. данные'!$E:$E,"<=6"))/ COUNTIFS('задача 3. данные'!$A:$A,'задача 3.2'!$A3,'задача 3. данные'!$H:$H,'задача 3.2'!C$1,'задача 3. данные'!$E:$E,">=0"),"") -> -0.16666667 | D3: =IFERROR( (COUNTIFS('задача 3. данные'!$A:$A,'задача 3.2'!$A3,'задача 3. данные'!$H:$H,'задача 3.2'!D$1,'задача 3. данные'!$E:$E,">=9")- COUNTIFS('задача 3. данные'!$A:$A,'задача 3.2'!$A3,'задача 3. данные'!$H:$H,'задача 3.2'!D$1,'задача 3. данные'!$E:$E,"<=6"))/ COUNTIFS('задача 3. данные'!$A:$A,'задача 3.2'!$A3,'задача 3. данные'!$H:$H,'задача 3.2'!D$1,'задача 3. данные'!$E:$E,">=0"),"") -> -0.16666667 | E3: =IFERROR( (COUNTIFS('задача 3. данные'!$A:$A,'задача 3.2'!$A3,'задача 3. данные'!$H:$H,'задача 3.2'!E$1,'задача 3. данные'!$E:$E,">=9")- COUNTIFS('задача 3. данные'!$A:$A,'задача 3.2'!$A3,'задача 3. данные'!$H:$H,'задача 3.2'!E$1,'задача 3. данные'!$E:$E,"<=6"))/ COUNTIFS('задача 3. данные'!$A:$A,'задача 3.2'!$A3,'задача 3. данные'!$H:$H,'задача 3.2'!E$1,'задача 3. данные'!$E:$E,">=0"),"") -> -0.16666667 | F3: =IFERROR( (COUNTIFS('задача 3. данные'!$A:$A,'задача 3.2'!$A3,'задача 3. данные'!$H:$H,'задача 3.2'!F$1,'задача 3. данные'!$E:$E,">=9")- COUNTIFS('задача 3. данные'!$A:$A,'задача 3.2'!$A3,'задача 3. данные'!$H:$H,'задача 3.2'!F$1,'задача 3. данные'!$E:$E,"<=6"))/ COUNTIFS('задача 3. данные'!$A:$A,'задача 3.2'!$A3,'задача 3. данные'!$H:$H,'задача 3.2'!F$1,'задача 3. данные'!$E:$E,">=0"),"") -> -0.14285714 | G3: =IFERROR( (COUNTIFS('задача 3. данные'!$A:$A,'задача 3.2'!$A3,'задача 3. данные'!$H:$H,'задача 3.2'!G$1,'задача 3. данные'!$E:$E,">=9")- COUNTIFS('задача 3. данные'!$A:$A,'задача 3.2'!$A3,'задача 3. данные'!$H:$H,'задача 3.2'!G$1,'задача 3. данные'!$E:$E,"<=6"))/ COUNTIFS('задача 3. данные'!$A:$A,'задача 3.2'!$A3,'задача 3. данные'!$H:$H,'задача 3.2'!G$1,'задача 3. данные'!$E:$E,">=0"),"") -> -0.25 | H3: =IFERROR( (COUNTIFS('задача 3. данные'!$A:$A,'задача 3.2'!$A3,'задача 3. данные'!$H:$H,'задача 3.2'!H$1,'задача 3. данные'!$E:$E,">=9")- COUNTIFS('задача 3. данные'!$A:$A,'задача 3.2'!$A3,'задача 3. данные'!$H:$H,'задача 3.2'!H$1,'задача 3. данные'!$E:$E,"<=6"))/ COUNTIFS('задача 3. данные'!$A:$A,'задача 3.2'!$A3,'задача 3. данные'!$H:$H,'задача 3.2'!H$1,'задача 3. данные'!$E:$E,">=0"),"") -> -0.57142857 | I3: =IFERROR( (COUNTIFS('задача 3. данные'!$A:$A,'задача 3.2'!$A3,'задача 3. данные'!$H:$H,'задача 3.2'!I$1,'задача 3. данные'!$E:$E,">=9")- COUNTIFS('задача 3. данные'!$A:$A,'задача 3.2'!$A3,'задача 3. данные'!$H:$H,'задача 3.2'!I$1,'задача 3. данные'!$E:$E,"<=6"))/ COUNTIFS('задача 3. данные'!$A:$A,'задача 3.2'!$A3,'задача 3. данные'!$H:$H,'задача 3.2'!I$1,'задача 3. данные'!$E:$E,">=0"),"") -> -0.2 | ... N3: =IFERROR( (COUNTIFS('задача 3. данные'!$A:$A,'задача 3.2'!$A3,'задача 3. данные'!$H:$H,'задача 3.2'!N$1,'задача 3. данные'!$E:$E,">=9")- COUNTIFS('задача 3. данные'!$A:$A,'задача 3.2'!$A3,'задача 3. данные'!$H:$H,'задача 3.2'!N$1,'задача 3. данные'!$E:$E,"<=6"))/ COUNTIFS('задача 3. данные'!$A:$A,'задача 3.2'!$A3,'задача 3. данные'!$H:$H,'задача 3.2'!N$1,'задача 3. данные'!$E:$E,">=0"),"")
A4: Иванова Анна Сергеевна | B4: =IFERROR( (COUNTIFS('задача 3. данные'!$A:$A,'задача 3.2'!$A4,'задача 3. данные'!$H:$H,'задача 3.2'!B$1,'задача 3. данные'!$E:$E,">=9")- COUNTIFS('задача 3. данные'!$A:$A,'задача 3.2'!$A4,'задача 3. данные'!$H:$H,'задача 3.2'!B$1,'задача 3. данные'!$E:$E,"<=6"))/ COUNTIFS('задача 3. данные'!$A:$A,'задача 3.2'!$A4,'задача 3. данные'!$H:$H,'задача 3.2'!B$1,'задача 3. данные'!$E:$E,">=0"),"") -> -0.8 | C4: =IFERROR( (COUNTIFS('задача 3. данные'!$A:$A,'задача 3.2'!$A4,'задача 3. данные'!$H:$H,'задача 3.2'!C$1,'задача 3. данные'!$E:$E,">=9")- COUNTIFS('задача 3. данные'!$A:$A,'задача 3.2'!$A4,'задача 3. данные'!$H:$H,'задача 3.2'!C$1,'задача 3. данные'!$E:$E,"<=6"))/ COUNTIFS('задача 3. данные'!$A:$A,'задача 3.2'!$A4,'задача 3. данные'!$H:$H,'задача 3.2'!C$1,'задача 3. данные'!$E:$E,">=0"),"") -> -0.33333333 | D4: =IFERROR( (COUNTIFS('задача 3. данные'!$A:$A,'задача 3.2'!$A4,'задача 3. данные'!$H:$H,'задача 3.2'!D$1,'задача 3. данные'!$E:$E,">=9")- COUNTIFS('задача 3. данные'!$A:$A,'задача 3.2'!$A4,'задача 3. данные'!$H:$H,'задача 3.2'!D$1,'задача 3. данные'!$E:$E,"<=6"))/ COUNTIFS('задача 3. данные'!$A:$A,'задача 3.2'!$A4,'задача 3. данные'!$H:$H,'задача 3.2'!D$1,'задача 3. данные'!$E:$E,">=0"),"") -> -0.2 | E4: =IFERROR( (COUNTIFS('задача 3. данные'!$A:$A,'задача 3.2'!$A4,'задача 3. данные'!$H:$H,'задача 3.2'!E$1,'задача 3. данные'!$E:$E,">=9")- COUNTIFS('задача 3. данные'!$A:$A,'задача 3.2'!$A4,'задача 3. данные'!$H:$H,'задача 3.2'!E$1,'задача 3. данные'!$E:$E,"<=6"))/ COUNTIFS('задача 3. данные'!$A:$A,'задача 3.2'!$A4,'задача 3. данные'!$H:$H,'задача 3.2'!E$1,'задача 3. данные'!$E:$E,">=0"),"") -> -0.22222222 | F4: =IFERROR( (COUNTIFS('задача 3. данные'!$A:$A,'задача 3.2'!$A4,'задача 3. данные'!$H:$H,'задача 3.2'!F$1,'задача 3. данные'!$E:$E,">=9")- COUNTIFS('задача 3. данные'!$A:$A,'задача 3.2'!$A4,'задача 3. данные'!$H:$H,'задача 3.2'!F$1,'задача 3. данные'!$E:$E,"<=6"))/ COUNTIFS('задача 3. данные'!$A:$A,'задача 3.2'!$A4,'задача 3. данные'!$H:$H,'задача 3.2'!F$1,'задача 3. данные'!$E:$E,">=0"),"") -> -0.66666667 | G4: =IFERROR( (COUNTIFS('задача 3. данные'!$A:$A,'задача 3.2'!$A4,'задача 3. данные'!$H:$H,'задача 3.2'!G$1,'задача 3. данные'!$E:$E,">=9")- COUNTIFS('задача 3. данные'!$A:$A,'задача 3.2'!$A4,'задача 3. данные'!$H:$H,'задача 3.2'!G$1,'задача 3. данные'!$E:$E,"<=6"))/ COUNTIFS('задача 3. данные'!$A:$A,'задача 3.2'!$A4,'задача 3. данные'!$H:$H,'задача 3.2'!G$1,'задача 3. данные'!$E:$E,">=0"),"") -> -0.2 | H4: =IFERROR( (COUNTIFS('задача 3. данные'!$A:$A,'задача 3.2'!$A4,'задача 3. данные'!$H:$H,'задача 3.2'!H$1,'задача 3. данные'!$E:$E,">=9")- COUNTIFS('задача 3. данные'!$A:$A,'задача 3.2'!$A4,'задача 3. данные'!$H:$H,'задача 3.2'!H$1,'задача 3. данные'!$E:$E,"<=6"))/ COUNTIFS('задача 3. данные'!$A:$A,'задача 3.2'!$A4,'задача 3. данные'!$H:$H,'задача 3.2'!H$1,'задача 3. данные'!$E:$E,">=0"),"") -> -0.6 | I4: =IFERROR( (COUNTIFS('задача 3. данные'!$A:$A,'задача 3.2'!$A4,'задача 3. данные'!$H:$H,'задача 3.2'!I$1,'задача 3. данные'!$E:$E,">=9")- COUNTIFS('задача 3. данные'!$A:$A,'задача 3.2'!$A4,'задача 3. данные'!$H:$H,'задача 3.2'!I$1,'задача 3. данные'!$E:$E,"<=6"))/ COUNTIFS('задача 3. данные'!$A:$A,'задача 3.2'!$A4,'задача 3. данные'!$H:$H,'задача 3.2'!I$1,'задача 3. данные'!$E:$E,">=0"),"") -> -0.33333333 | ... N4: =IFERROR( (COUNTIFS('задача 3. данные'!$A:$A,'задача 3.2'!$A4,'задача 3. данные'!$H:$H,'задача 3.2'!N$1,'задача 3. данные'!$E:$E,">=9")- COUNTIFS('задача 3. данные'!$A:$A,'задача 3.2'!$A4,'задача 3. данные'!$H:$H,'задача 3.2'!N$1,'задача 3. данные'!$E:$E,"<=6"))/ COUNTIFS('задача 3. данные'!$A:$A,'задача 3.2'!$A4,'задача 3. данные'!$H:$H,'задача 3.2'!N$1,'задача 3. данные'!$E:$E,">=0"),"") -> 0
A5: Кузнецов Дмитрий Львович | B5: =IFERROR( (COUNTIFS('задача 3. данные'!$A:$A,'задача 3.2'!$A5,'задача 3. данные'!$H:$H,'задача 3.2'!B$1,'задача 3. данные'!$E:$E,">=9")- COUNTIFS('задача 3. данные'!$A:$A,'задача 3.2'!$A5,'задача 3. данные'!$H:$H,'задача 3.2'!B$1,'задача 3. данные'!$E:$E,"<=6"))/ COUNTIFS('задача 3. данные'!$A:$A,'задача 3.2'!$A5,'задача 3. данные'!$H:$H,'задача 3.2'!B$1,'задача 3. данные'!$E:$E,">=0"),"") -> -0.28571429 | C5: =IFERROR( (COUNTIFS('задача 3. данные'!$A:$A,'задача 3.2'!$A5,'задача 3. данные'!$H:$H,'задача 3.2'!C$1,'задача 3. данные'!$E:$E,">=9")- COUNTIFS('задача 3. данные'!$A:$A,'задача 3.2'!$A5,'задача 3. данные'!$H:$H,'задача 3.2'!C$1,'задача 3. данные'!$E:$E,"<=6"))/ COUNTIFS('задача 3. данные'!$A:$A,'задача 3.2'!$A5,'задача 3. данные'!$H:$H,'задача 3.2'!C$1,'задача 3. данные'!$E:$E,">=0"),"") -> -0.4 | D5: =IFERROR( (COUNTIFS('задача 3. данные'!$A:$A,'задача 3.2'!$A5,'задача 3. данные'!$H:$H,'задача 3.2'!D$1,'задача 3. данные'!$E:$E,">=9")- COUNTIFS('задача 3. данные'!$A:$A,'задача 3.2'!$A5,'задача 3. данные'!$H:$H,'задача 3.2'!D$1,'задача 3. данные'!$E:$E,"<=6"))/ COUNTIFS('задача 3. данные'!$A:$A,'задача 3.2'!$A5,'задача 3. данные'!$H:$H,'задача 3.2'!D$1,'задача 3. данные'!$E:$E,">=0"),"") -> -0.46153846 | E5: =IFERROR( (COUNTIFS('задача 3. данные'!$A:$A,'задача 3.2'!$A5,'задача 3. данные'!$H:$H,'задача 3.2'!E$1,'задача 3. данные'!$E:$E,">=9")- COUNTIFS('задача 3. данные'!$A:$A,'задача 3.2'!$A5,'задача 3. данные'!$H:$H,'задача 3.2'!E$1,'задача 3. данные'!$E:$E,"<=6"))/ COUNTIFS('задача 3. данные'!$A:$A,'задача 3.2'!$A5,'задача 3. данные'!$H:$H,'задача 3.2'!E$1,'задача 3. данные'!$E:$E,">=0"),"") -> -0.91666667 | F5: =IFERROR( (COUNTIFS('задача 3. данные'!$A:$A,'задача 3.2'!$A5,'задача 3. данные'!$H:$H,'задача 3.2'!F$1,'задача 3. данные'!$E:$E,">=9")- COUNTIFS('задача 3. данные'!$A:$A,'задача 3.2'!$A5,'задача 3. данные'!$H:$H,'задача 3.2'!F$1,'задача 3. данные'!$E:$E,"<=6"))/ COUNTIFS('задача 3. данные'!$A:$A,'задача 3.2'!$A5,'задача 3. данные'!$H:$H,'задача 3.2'!F$1,'задача 3. данные'!$E:$E,">=0"),"") -> -0.44444444 | G5: =IFERROR( (COUNTIFS('задача 3. данные'!$A:$A,'задача 3.2'!$A5,'задача 3. данные'!$H:$H,'задача 3.2'!G$1,'задача 3. данные'!$E:$E,">=9")- COUNTIFS('задача 3. данные'!$A:$A,'задача 3.2'!$A5,'задача 3. данные'!$H:$H,'задача 3.2'!G$1,'задача 3. данные'!$E:$E,"<=6"))/ COUNTIFS('задача 3. данные'!$A:$A,'задача 3.2'!$A5,'задача 3. данные'!$H:$H,'задача 3.2'!G$1,'задача 3. данные'!$E:$E,">=0"),"") -> -0.75 | H5: =IFERROR( (COUNTIFS('задача 3. данные'!$A:$A,'задача 3.2'!$A5,'задача 3. данные'!$H:$H,'задача 3.2'!H$1,'задача 3. данные'!$E:$E,">=9")- COUNTIFS('задача 3. данные'!$A:$A,'задача 3.2'!$A5,'задача 3. данные'!$H:$H,'задача 3.2'!H$1,'задача 3. данные'!$E:$E,"<=6"))/ COUNTIFS('задача 3. данные'!$A:$A,'задача 3.2'!$A5,'задача 3. данные'!$H:$H,'задача 3.2'!H$1,'задача 3. данные'!$E:$E,">=0"),"") -> -0.83333333 | I5: =IFERROR( (COUNTIFS('задача 3. данные'!$A:$A,'задача 3.2'!$A5,'задача 3. данные'!$H:$H,'задача 3.2'!I$1,'задача 3. данные'!$E:$E,">=9")- COUNTIFS('задача 3. данные'!$A:$A,'задача 3.2'!$A5,'задача 3. данные'!$H:$H,'задача 3.2'!I$1,'задача 3. данные'!$E:$E,"<=6"))/ COUNTIFS('задача 3. данные'!$A:$A,'задача 3.2'!$A5,'задача 3. данные'!$H:$H,'задача 3.2'!I$1,'задача 3. данные'!$E:$E,">=0"),"") -> -0.83333333 | ... N5: =IFERROR( (COUNTIFS('задача 3. данные'!$A:$A,'задача 3.2'!$A5,'задача 3. данные'!$H:$H,'задача 3.2'!N$1,'задача 3. данные'!$E:$E,">=9")- COUNTIFS('задача 3. данные'!$A:$A,'задача 3.2'!$A5,'задача 3. данные'!$H:$H,'задача 3.2'!N$1,'задача 3. данные'!$E:$E,"<=6"))/ COUNTIFS('задача 3. данные'!$A:$A,'задача 3.2'!$A5,'задача 3. данные'!$H:$H,'задача 3.2'!N$1,'задача 3. данные'!$E:$E,">=0"),"")
A6: Новикова Ольга Петровна | B6: =IFERROR( (COUNTIFS('задача 3. данные'!$A:$A,'задача 3.2'!$A6,'задача 3. данные'!$H:$H,'задача 3.2'!B$1,'задача 3. данные'!$E:$E,">=9")- COUNTIFS('задача 3. данные'!$A:$A,'задача 3.2'!$A6,'задача 3. данные'!$H:$H,'задача 3.2'!B$1,'задача 3. данные'!$E:$E,"<=6"))/ COUNTIFS('задача 3. данные'!$A:$A,'задача 3.2'!$A6,'задача 3. данные'!$H:$H,'задача 3.2'!B$1,'задача 3. данные'!$E:$E,">=0"),"") -> -0.4 | C6: =IFERROR( (COUNTIFS('задача 3. данные'!$A:$A,'задача 3.2'!$A6,'задача 3. данные'!$H:$H,'задача 3.2'!C$1,'задача 3. данные'!$E:$E,">=9")- COUNTIFS('задача 3. данные'!$A:$A,'задача 3.2'!$A6,'задача 3. данные'!$H:$H,'задача 3.2'!C$1,'задача 3. данные'!$E:$E,"<=6"))/ COUNTIFS('задача 3. данные'!$A:$A,'задача 3.2'!$A6,'задача 3. данные'!$H:$H,'задача 3.2'!C$1,'задача 3. данные'!$E:$E,">=0"),"") -> 0 | D6: =IFERROR( (COUNTIFS('задача 3. данные'!$A:$A,'задача 3.2'!$A6,'задача 3. данные'!$H:$H,'задача 3.2'!D$1,'задача 3. данные'!$E:$E,">=9")- COUNTIFS('задача 3. данные'!$A:$A,'задача 3.2'!$A6,'задача 3. данные'!$H:$H,'задача 3.2'!D$1,'задача 3. данные'!$E:$E,"<=6"))/ COUNTIFS('задача 3. данные'!$A:$A,'задача 3.2'!$A6,'задача 3. данные'!$H:$H,'задача 3.2'!D$1,'задача 3. данные'!$E:$E,">=0"),"") -> -0.5 | E6: =IFERROR( (COUNTIFS('задача 3. данные'!$A:$A,'задача 3.2'!$A6,'задача 3. данные'!$H:$H,'задача 3.2'!E$1,'задача 3. данные'!$E:$E,">=9")- COUNTIFS('задача 3. данные'!$A:$A,'задача 3.2'!$A6,'задача 3. данные'!$H:$H,'задача 3.2'!E$1,'задача 3. данные'!$E:$E,"<=6"))/ COUNTIFS('задача 3. данные'!$A:$A,'задача 3.2'!$A6,'задача 3. данные'!$H:$H,'задача 3.2'!E$1,'задача 3. данные'!$E:$E,">=0"),"") -> -0.5 | F6: =IFERROR( (COUNTIFS('задача 3. данные'!$A:$A,'задача 3.2'!$A6,'задача 3. данные'!$H:$H,'задача 3.2'!F$1,'задача 3. данные'!$E:$E,">=9")- COUNTIFS('задача 3. данные'!$A:$A,'задача 3.2'!$A6,'задача 3. данные'!$H:$H,'задача 3.2'!F$1,'задача 3. данные'!$E:$E,"<=6"))/ COUNTIFS('задача 3. данные'!$A:$A,'задача 3.2'!$A6,'задача 3. данные'!$H:$H,'задача 3.2'!F$1,'задача 3. данные'!$E:$E,">=0"),"") -> -0.71428571 | G6: =IFERROR( (COUNTIFS('задача 3. данные'!$A:$A,'задача 3.2'!$A6,'задача 3. данные'!$H:$H,'задача 3.2'!G$1,'задача 3. данные'!$E:$E,">=9")- COUNTIFS('задача 3. данные'!$A:$A,'задача 3.2'!$A6,'задача 3. данные'!$H:$H,'задача 3.2'!G$1,'задача 3. данные'!$E:$E,"<=6"))/ COUNTIFS('задача 3. данные'!$A:$A,'задача 3.2'!$A6,'задача 3. данные'!$H:$H,'задача 3.2'!G$1,'задача 3. данные'!$E:$E,">=0"),"") -> -0.66666667 | H6: =IFERROR( (COUNTIFS('задача 3. данные'!$A:$A,'задача 3.2'!$A6,'задача 3. данные'!$H:$H,'задача 3.2'!H$1,'задача 3. данные'!$E:$E,">=9")- COUNTIFS('задача 3. данные'!$A:$A,'задача 3.2'!$A6,'задача 3. данные'!$H:$H,'задача 3.2'!H$1,'задача 3. данные'!$E:$E,"<=6"))/ COUNTIFS('задача 3. данные'!$A:$A,'задача 3.2'!$A6,'задача 3. данные'!$H:$H,'задача 3.2'!H$1,'задача 3. данные'!$E:$E,">=0"),"") -> -0.16666667 | I6: =IFERROR( (COUNTIFS('задача 3. данные'!$A:$A,'задача 3.2'!$A6,'задача 3. данные'!$H:$H,'задача 3.2'!I$1,'задача 3. данные'!$E:$E,">=9")- COUNTIFS('задача 3. данные'!$A:$A,'задача 3.2'!$A6,'задача 3. данные'!$H:$H,'задача 3.2'!I$1,'задача 3. данные'!$E:$E,"<=6"))/ COUNTIFS('задача 3. данные'!$A:$A,'задача 3.2'!$A6,'задача 3. данные'!$H:$H,'задача 3.2'!I$1,'задача 3. данные'!$E:$E,">=0"),"") -> -0.5 | ... N6: =IFERROR( (COUNTIFS('задача 3. данные'!$A:$A,'задача 3.2'!$A6,'задача 3. данные'!$H:$H,'задача 3.2'!N$1,'задача 3. данные'!$E:$E,">=9")- COUNTIFS('задача 3. данные'!$A:$A,'задача 3.2'!$A6,'задача 3. данные'!$H:$H,'задача 3.2'!N$1,'задача 3. данные'!$E:$E,"<=6"))/ COUNTIFS('задача 3. данные'!$A:$A,'задача 3.2'!$A6,'задача 3. данные'!$H:$H,'задача 3.2'!N$1,'задача 3. данные'!$E:$E,">=0"),"")
A7: Орлов Павел Денисович | B7: =IFERROR( (COUNTIFS('задача 3. данные'!$A:$A,'задача 3.2'!$A7,'задача 3. данные'!$H:$H,'задача 3.2'!B$1,'задача 3. данные'!$E:$E,">=9")- COUNTIFS('задача 3. данные'!$A:$A,'задача 3.2'!$A7,'задача 3. данные'!$H:$H,'задача 3.2'!B$1,'задача 3. данные'!$E:$E,"<=6"))/ COUNTIFS('задача 3. данные'!$A:$A,'задача 3.2'!$A7,'задача 3. данные'!$H:$H,'задача 3.2'!B$1,'задача 3. данные'!$E:$E,">=0"),"") -> -0.57142857 | C7: =IFERROR( (COUNTIFS('задача 3. данные'!$A:$A,'задача 3.2'!$A7,'задача 3. данные'!$H:$H,'задача 3.2'!C$1,'задача 3. данные'!$E:$E,">=9")- COUNTIFS('задача 3. данные'!$A:$A,'задача 3.2'!$A7,'задача 3. данные'!$H:$H,'задача 3.2'!C$1,'задача 3. данные'!$E:$E,"<=6"))/ COUNTIFS('задача 3. данные'!$A:$A,'задача 3.2'!$A7,'задача 3. данные'!$H:$H,'задача 3.2'!C$1,'задача 3. данные'!$E:$E,">=0"),"") -> -0.6 | D7: =IFERROR( (COUNTIFS('задача 3. данные'!$A:$A,'задача 3.2'!$A7,'задача 3. данные'!$H:$H,'задача 3.2'!D$1,'задача 3. данные'!$E:$E,">=9")- COUNTIFS('задача 3. данные'!$A:$A,'задача 3.2'!$A7,'задача 3. данные'!$H:$H,'задача 3.2'!D$1,'задача 3. данные'!$E:$E,"<=6"))/ COUNTIFS('задача 3. данные'!$A:$A,'задача 3.2'!$A7,'задача 3. данные'!$H:$H,'задача 3.2'!D$1,'задача 3. данные'!$E:$E,">=0"),"") -> -0.16666667 | E7: =IFERROR( (COUNTIFS('задача 3. данные'!$A:$A,'задача 3.2'!$A7,'задача 3. данные'!$H:$H,'задача 3.2'!E$1,'задача 3. данные'!$E:$E,">=9")- COUNTIFS('задача 3. данные'!$A:$A,'задача 3.2'!$A7,'задача 3. данные'!$H:$H,'задача 3.2'!E$1,'задача 3. данные'!$E:$E,"<=6"))/ COUNTIFS('задача 3. данные'!$A:$A,'задача 3.2'!$A7,'задача 3. данные'!$H:$H,'задача 3.2'!E$1,'задача 3. данные'!$E:$E,">=0"),"") -> -0.5 | F7: =IFERROR( (COUNTIFS('задача 3. данные'!$A:$A,'задача 3.2'!$A7,'задача 3. данные'!$H:$H,'задача 3.2'!F$1,'задача 3. данные'!$E:$E,">=9")- COUNTIFS('задача 3. данные'!$A:$A,'задача 3.2'!$A7,'задача 3. данные'!$H:$H,'задача 3.2'!F$1,'задача 3. данные'!$E:$E,"<=6"))/ COUNTIFS('задача 3. данные'!$A:$A,'задача 3.2'!$A7,'задача 3. данные'!$H:$H,'задача 3.2'!F$1,'задача 3. данные'!$E:$E,">=0"),"") -> 0 | G7: =IFERROR( (COUNTIFS('задача 3. данные'!$A:$A,'задача 3.2'!$A7,'задача 3. данные'!$H:$H,'задача 3.2'!G$1,'задача 3. данные'!$E:$E,">=9")- COUNTIFS('задача 3. данные'!$A:$A,'задача 3.2'!$A7,'задача 3. данные'!$H:$H,'задача 3.2'!G$1,'задача 3. данные'!$E:$E,"<=6"))/ COUNTIFS('задача 3. данные'!$A:$A,'задача 3.2'!$A7,'задача 3. данные'!$H:$H,'задача 3.2'!G$1,'задача 3. данные'!$E:$E,">=0"),"") -> 0 | H7: =IFERROR( (COUNTIFS('задача 3. данные'!$A:$A,'задача 3.2'!$A7,'задача 3. данные'!$H:$H,'задача 3.2'!H$1,'задача 3. данные'!$E:$E,">=9")- COUNTIFS('задача 3. данные'!$A:$A,'задача 3.2'!$A7,'задача 3. данные'!$H:$H,'задача 3.2'!H$1,'задача 3. данные'!$E:$E,"<=6"))/ COUNTIFS('задача 3. данные'!$A:$A,'задача 3.2'!$A7,'задача 3. данные'!$H:$H,'задача 3.2'!H$1,'задача 3. данные'!$E:$E,">=0"),"") -> -0.11111111 | I7: =IFERROR( (COUNTIFS('задача 3. данные'!$A:$A,'задача 3.2'!$A7,'задача 3. данные'!$H:$H,'задача 3.2'!I$1,'задача 3. данные'!$E:$E,">=9")- COUNTIFS('задача 3. данные'!$A:$A,'задача 3.2'!$A7,'задача 3. данные'!$H:$H,'задача 3.2'!I$1,'задача 3. данные'!$E:$E,"<=6"))/ COUNTIFS('задача 3. данные'!$A:$A,'задача 3.2'!$A7,'задача 3. данные'!$H:$H,'задача 3.2'!I$1,'задача 3. данные'!$E:$E,">=0"),"") -> -0.5 | ... N7: =IFERROR( (COUNTIFS('задача 3. данные'!$A:$A,'задача 3.2'!$A7,'задача 3. данные'!$H:$H,'задача 3.2'!N$1,'задача 3. данные'!$E:$E,">=9")- COUNTIFS('задача 3. данные'!$A:$A,'задача 3.2'!$A7,'задача 3. данные'!$H:$H,'задача 3.2'!N$1,'задача 3. данные'!$E:$E,"<=6"))/ COUNTIFS('задача 3. данные'!$A:$A,'задача 3.2'!$A7,'задача 3. данные'!$H:$H,'задача 3.2'!N$1,'задача 3. данные'!$E:$E,">=0"),"")
A8: Петров Владимир Кириллович | B8: =IFERROR( (COUNTIFS('задача 3. данные'!$A:$A,'задача 3.2'!$A8,'задача 3. данные'!$H:$H,'задача 3.2'!B$1,'задача 3. данные'!$E:$E,">=9")- COUNTIFS('задача 3. данные'!$A:$A,'задача 3.2'!$A8,'задача 3. данные'!$H:$H,'задача 3.2'!B$1,'задача 3. данные'!$E:$E,"<=6"))/ COUNTIFS('задача 3. данные'!$A:$A,'задача 3.2'!$A8,'задача 3. данные'!$H:$H,'задача 3.2'!B$1,'задача 3. данные'!$E:$E,">=0"),"") -> -0.6 | C8: =IFERROR( (COUNTIFS('задача 3. данные'!$A:$A,'задача 3.2'!$A8,'задача 3. данные'!$H:$H,'задача 3.2'!C$1,'задача 3. данные'!$E:$E,">=9")- COUNTIFS('задача 3. данные'!$A:$A,'задача 3.2'!$A8,'задача 3. данные'!$H:$H,'задача 3.2'!C$1,'задача 3. данные'!$E:$E,"<=6"))/ COUNTIFS('задача 3. данные'!$A:$A,'задача 3.2'!$A8,'задача 3. данные'!$H:$H,'задача 3.2'!C$1,'задача 3. данные'!$E:$E,">=0"),"") -> -0.4 | D8: =IFERROR( (COUNTIFS('задача 3. данные'!$A:$A,'задача 3.2'!$A8,'задача 3. данные'!$H:$H,'задача 3.2'!D$1,'задача 3. данные'!$E:$E,">=9")- COUNTIFS('задача 3. данные'!$A:$A,'задача 3.2'!$A8,'задача 3. данные'!$H:$H,'задача 3.2'!D$1,'задача 3. данные'!$E:$E,"<=6"))/ COUNTIFS('задача 3. данные'!$A:$A,'задача 3.2'!$A8,'задача 3. данные'!$H:$H,'задача 3.2'!D$1,'задача 3. данные'!$E:$E,">=0"),"") -> -0.44444444 | E8: =IFERROR( (COUNTIFS('задача 3. данные'!$A:$A,'задача 3.2'!$A8,'задача 3. данные'!$H:$H,'задача 3.2'!E$1,'задача 3. данные'!$E:$E,">=9")- COUNTIFS('задача 3. данные'!$A:$A,'задача 3.2'!$A8,'задача 3. данные'!$H:$H,'задача 3.2'!E$1,'задача 3. данные'!$E:$E,"<=6"))/ COUNTIFS('задача 3. данные'!$A:$A,'задача 3.2'!$A8,'задача 3. данные'!$H:$H,'задача 3.2'!E$1,'задача 3. данные'!$E:$E,">=0"),"") -> -0.42857143 | F8: =IFERROR( (COUNTIFS('задача 3. данные'!$A:$A,'задача 3.2'!$A8,'задача 3. данные'!$H:$H,'задача 3.2'!F$1,'задача 3. данные'!$E:$E,">=9")- COUNTIFS('задача 3. данные'!$A:$A,'задача 3.2'!$A8,'задача 3. данные'!$H:$H,'задача 3.2'!F$1,'задача 3. данные'!$E:$E,"<=6"))/ COUNTIFS('задача 3. данные'!$A:$A,'задача 3.2'!$A8,'задача 3. данные'!$H:$H,'задача 3.2'!F$1,'задача 3. данные'!$E:$E,">=0"),"") -> -0.14285714 | G8: =IFERROR( (COUNTIFS('задача 3. данные'!$A:$A,'задача 3.2'!$A8,'задача 3. данные'!$H:$H,'задача 3.2'!G$1,'задача 3. данные'!$E:$E,">=9")- COUNTIFS('задача 3. данные'!$A:$A,'задача 3.2'!$A8,'задача 3. данные'!$H:$H,'задача 3.2'!G$1,'задача 3. данные'!$E:$E,"<=6"))/ COUNTIFS('задача 3. данные'!$A:$A,'задача 3.2'!$A8,'задача 3. данные'!$H:$H,'задача 3.2'!G$1,'задача 3. данные'!$E:$E,">=0"),"") -> 0.22222222 | H8: =IFERROR( (COUNTIFS('задача 3. данные'!$A:$A,'задача 3.2'!$A8,'задача 3. данные'!$H:$H,'задача 3.2'!H$1,'задача 3. данные'!$E:$E,">=9")- COUNTIFS('задача 3. данные'!$A:$A,'задача 3.2'!$A8,'задача 3. данные'!$H:$H,'задача 3.2'!H$1,'задача 3. данные'!$E:$E,"<=6"))/ COUNTIFS('задача 3. данные'!$A:$A,'задача 3.2'!$A8,'задача 3. данные'!$H:$H,'задача 3.2'!H$1,'задача 3. данные'!$E:$E,">=0"),"") -> -0.42857143 | I8: =IFERROR( (COUNTIFS('задача 3. данные'!$A:$A,'задача 3.2'!$A8,'задача 3. данные'!$H:$H,'задача 3.2'!I$1,'задача 3. данные'!$E:$E,">=9")- COUNTIFS('задача 3. данные'!$A:$A,'задача 3.2'!$A8,'задача 3. данные'!$H:$H,'задача 3.2'!I$1,'задача 3. данные'!$E:$E,"<=6"))/ COUNTIFS('задача 3. данные'!$A:$A,'задача 3.2'!$A8,'задача 3. данные'!$H:$H,'задача 3.2'!I$1,'задача 3. данные'!$E:$E,">=0"),"") -> -0.33333333 | ... N8: =IFERROR( (COUNTIFS('задача 3. данные'!$A:$A,'задача 3.2'!$A8,'задача 3. данные'!$H:$H,'задача 3.2'!N$1,'задача 3. данные'!$E:$E,">=9")- COUNTIFS('задача 3. данные'!$A:$A,'задача 3.2'!$A8,'задача 3. данные'!$H:$H,'задача 3.2'!N$1,'задача 3. данные'!$E:$E,"<=6"))/ COUNTIFS('задача 3. данные'!$A:$A,'задача 3.2'!$A8,'задача 3. данные'!$H:$H,'задача 3.2'!N$1,'задача 3. данные'!$E:$E,">=0"),"")
A9: Семенова Ирина Валерьевна | B9: =IFERROR( (COUNTIFS('задача 3. данные'!$A:$A,'задача 3.2'!$A9,'задача 3. данные'!$H:$H,'задача 3.2'!B$1,'задача 3. данные'!$E:$E,">=9")- COUNTIFS('задача 3. данные'!$A:$A,'задача 3.2'!$A9,'задача 3. данные'!$H:$H,'задача 3.2'!B$1,'задача 3. данные'!$E:$E,"<=6"))/ COUNTIFS('задача 3. данные'!$A:$A,'задача 3.2'!$A9,'задача 3. данные'!$H:$H,'задача 3.2'!B$1,'задача 3. данные'!$E:$E,">=0"),"") -> -0.5 | C9: =IFERROR( (COUNTIFS('задача 3. данные'!$A:$A,'задача 3.2'!$A9,'задача 3. данные'!$H:$H,'задача 3.2'!C$1,'задача 3. данные'!$E:$E,">=9")- COUNTIFS('задача 3. данные'!$A:$A,'задача 3.2'!$A9,'задача 3. данные'!$H:$H,'задача 3.2'!C$1,'задача 3. данные'!$E:$E,"<=6"))/ COUNTIFS('задача 3. данные'!$A:$A,'задача 3.2'!$A9,'задача 3. данные'!$H:$H,'задача 3.2'!C$1,'задача 3. данные'!$E:$E,">=0"),"") -> -0.15384615 | D9: =IFERROR( (COUNTIFS('задача 3. данные'!$A:$A,'задача 3.2'!$A9,'задача 3. данные'!$H:$H,'задача 3.2'!D$1,'задача 3. данные'!$E:$E,">=9")- COUNTIFS('задача 3. данные'!$A:$A,'задача 3.2'!$A9,'задача 3. данные'!$H:$H,'задача 3.2'!D$1,'задача 3. данные'!$E:$E,"<=6"))/ COUNTIFS('задача 3. данные'!$A:$A,'задача 3.2'!$A9,'задача 3. данные'!$H:$H,'задача 3.2'!D$1,'задача 3. данные'!$E:$E,">=0"),"") -> -0.81818182 | E9: =IFERROR( (COUNTIFS('задача 3. данные'!$A:$A,'задача 3.2'!$A9,'задача 3. данные'!$H:$H,'задача 3.2'!E$1,'задача 3. данные'!$E:$E,">=9")- COUNTIFS('задача 3. данные'!$A:$A,'задача 3.2'!$A9,'задача 3. данные'!$H:$H,'задача 3.2'!E$1,'задача 3. данные'!$E:$E,"<=6"))/ COUNTIFS('задача 3. данные'!$A:$A,'задача 3.2'!$A9,'задача 3. данные'!$H:$H,'задача 3.2'!E$1,'задача 3. данные'!$E:$E,">=0"),"") -> 0 | F9: =IFERROR( (COUNTIFS('задача 3. данные'!$A:$A,'задача 3.2'!$A9,'задача 3. данные'!$H:$H,'задача 3.2'!F$1,'задача 3. данные'!$E:$E,">=9")- COUNTIFS('задача 3. данные'!$A:$A,'задача 3.2'!$A9,'задача 3. данные'!$H:$H,'задача 3.2'!F$1,'задача 3. данные'!$E:$E,"<=6"))/ COUNTIFS('задача 3. данные'!$A:$A,'задача 3.2'!$A9,'задача 3. данные'!$H:$H,'задача 3.2'!F$1,'задача 3. данные'!$E:$E,">=0"),"") -> -0.18181818 | G9: =IFERROR( (COUNTIFS('задача 3. данные'!$A:$A,'задача 3.2'!$A9,'задача 3. данные'!$H:$H,'задача 3.2'!G$1,'задача 3. данные'!$E:$E,">=9")- COUNTIFS('задача 3. данные'!$A:$A,'задача 3.2'!$A9,'задача 3. данные'!$H:$H,'задача 3.2'!G$1,'задача 3. данные'!$E:$E,"<=6"))/ COUNTIFS('задача 3. данные'!$A:$A,'задача 3.2'!$A9,'задача 3. данные'!$H:$H,'задача 3.2'!G$1,'задача 3. данные'!$E:$E,">=0"),"") -> -0.4 | H9: =IFERROR( (COUNTIFS('задача 3. данные'!$A:$A,'задача 3.2'!$A9,'задача 3. данные'!$H:$H,'задача 3.2'!H$1,'задача 3. данные'!$E:$E,">=9")- COUNTIFS('задача 3. данные'!$A:$A,'задача 3.2'!$A9,'задача 3. данные'!$H:$H,'задача 3.2'!H$1,'задача 3. данные'!$E:$E,"<=6"))/ COUNTIFS('задача 3. данные'!$A:$A,'задача 3.2'!$A9,'задача 3. данные'!$H:$H,'задача 3.2'!H$1,'задача 3. данные'!$E:$E,">=0"),"") -> -0.22222222 | I9: =IFERROR( (COUNTIFS('задача 3. данные'!$A:$A,'задача 3.2'!$A9,'задача 3. данные'!$H:$H,'задача 3.2'!I$1,'задача 3. данные'!$E:$E,">=9")- COUNTIFS('задача 3. данные'!$A:$A,'задача 3.2'!$A9,'задача 3. данные'!$H:$H,'задача 3.2'!I$1,'задача 3. данные'!$E:$E,"<=6"))/ COUNTIFS('задача 3. данные'!$A:$A,'задача 3.2'!$A9,'задача 3. данные'!$H:$H,'задача 3.2'!I$1,'задача 3. данные'!$E:$E,">=0"),"") -> -0.84615385 | ... N9: =IFERROR( (COUNTIFS('задача 3. данные'!$A:$A,'задача 3.2'!$A9,'задача 3. данные'!$H:$H,'задача 3.2'!N$1,'задача 3. данные'!$E:$E,">=9")- COUNTIFS('задача 3. данные'!$A:$A,'задача 3.2'!$A9,'задача 3. данные'!$H:$H,'задача 3.2'!N$1,'задача 3. данные'!$E:$E,"<=6"))/ COUNTIFS('задача 3. данные'!$A:$A,'задача 3.2'!$A9,'задача 3. данные'!$H:$H,'задача 3.2'!N$1,'задача 3. данные'!$E:$E,">=0"),"")
A10: Сидорова Елена Васильевна | B10: =IFERROR( (COUNTIFS('задача 3. данные'!$A:$A,'задача 3.2'!$A10,'задача 3. данные'!$H:$H,'задача 3.2'!B$1,'задача 3. данные'!$E:$E,">=9")- COUNTIFS('задача 3. данные'!$A:$A,'задача 3.2'!$A10,'задача 3. данные'!$H:$H,'задача 3.2'!B$1,'задача 3. данные'!$E:$E,"<=6"))/ COUNTIFS('задача 3. данные'!$A:$A,'задача 3.2'!$A10,'задача 3. данные'!$H:$H,'задача 3.2'!B$1,'задача 3. данные'!$E:$E,">=0"),"") -> -0.375 | C10: =IFERROR( (COUNTIFS('задача 3. данные'!$A:$A,'задача 3.2'!$A10,'задача 3. данные'!$H:$H,'задача 3.2'!C$1,'задача 3. данные'!$E:$E,">=9")- COUNTIFS('задача 3. данные'!$A:$A,'задача 3.2'!$A10,'задача 3. данные'!$H:$H,'задача 3.2'!C$1,'задача 3. данные'!$E:$E,"<=6"))/ COUNTIFS('задача 3. данные'!$A:$A,'задача 3.2'!$A10,'задача 3. данные'!$H:$H,'задача 3.2'!C$1,'задача 3. данные'!$E:$E,">=0"),"") -> -0.16666667 | D10: =IFERROR( (COUNTIFS('задача 3. данные'!$A:$A,'задача 3.2'!$A10,'задача 3. данные'!$H:$H,'задача 3.2'!D$1,'задача 3. данные'!$E:$E,">=9")- COUNTIFS('задача 3. данные'!$A:$A,'задача 3.2'!$A10,'задача 3. данные'!$H:$H,'задача 3.2'!D$1,'задача 3. данные'!$E:$E,"<=6"))/ COUNTIFS('задача 3. данные'!$A:$A,'задача 3.2'!$A10,'задача 3. данные'!$H:$H,'задача 3.2'!D$1,'задача 3. данные'!$E:$E,">=0"),"") -> -0.33333333 | E10: =IFERROR( (COUNTIFS('задача 3. данные'!$A:$A,'задача 3.2'!$A10,'задача 3. данные'!$H:$H,'задача 3.2'!E$1,'задача 3. данные'!$E:$E,">=9")- COUNTIFS('задача 3. данные'!$A:$A,'задача 3.2'!$A10,'задача 3. данные'!$H:$H,'задача 3.2'!E$1,'задача 3. данные'!$E:$E,"<=6"))/ COUNTIFS('задача 3. данные'!$A:$A,'задача 3.2'!$A10,'задача 3. данные'!$H:$H,'задача 3.2'!E$1,'задача 3. данные'!$E:$E,">=0"),"") -> -0.75 | F10: =IFERROR( (COUNTIFS('задача 3. данные'!$A:$A,'задача 3.2'!$A10,'задача 3. данные'!$H:$H,'задача 3.2'!F$1,'задача 3. данные'!$E:$E,">=9")- COUNTIFS('задача 3. данные'!$A:$A,'задача 3.2'!$A10,'задача 3. данные'!$H:$H,'задача 3.2'!F$1,'задача 3. данные'!$E:$E,"<=6"))/ COUNTIFS('задача 3. данные'!$A:$A,'задача 3.2'!$A10,'задача 3. данные'!$H:$H,'задача 3.2'!F$1,'задача 3. данные'!$E:$E,">=0"),"") -> -0.6 | G10: =IFERROR( (COUNTIFS('задача 3. данные'!$A:$A,'задача 3.2'!$A10,'задача 3. данные'!$H:$H,'задача 3.2'!G$1,'задача 3. данные'!$E:$E,">=9")- COUNTIFS('задача 3. данные'!$A:$A,'задача 3.2'!$A10,'задача 3. данные'!$H:$H,'задача 3.2'!G$1,'задача 3. данные'!$E:$E,"<=6"))/ COUNTIFS('задача 3. данные'!$A:$A,'задача 3.2'!$A10,'задача 3. данные'!$H:$H,'задача 3.2'!G$1,'задача 3. данные'!$E:$E,">=0"),"") -> -0.57142857 | H10: =IFERROR( (COUNTIFS('задача 3. данные'!$A:$A,'задача 3.2'!$A10,'задача 3. данные'!$H:$H,'задача 3.2'!H$1,'задача 3. данные'!$E:$E,">=9")- COUNTIFS('задача 3. данные'!$A:$A,'задача 3.2'!$A10,'задача 3. данные'!$H:$H,'задача 3.2'!H$1,'задача 3. данные'!$E:$E,"<=6"))/ COUNTIFS('задача 3. данные'!$A:$A,'задача 3.2'!$A10,'задача 3. данные'!$H:$H,'задача 3.2'!H$1,'задача 3. данные'!$E:$E,">=0"),"") -> -1 | I10: =IFERROR( (COUNTIFS('задача 3. данные'!$A:$A,'задача 3.2'!$A10,'задача 3. данные'!$H:$H,'задача 3.2'!I$1,'задача 3. данные'!$E:$E,">=9")- COUNTIFS('задача 3. данные'!$A:$A,'задача 3.2'!$A10,'задача 3. данные'!$H:$H,'задача 3.2'!I$1,'задача 3. данные'!$E:$E,"<=6"))/ COUNTIFS('задача 3. данные'!$A:$A,'задача 3.2'!$A10,'задача 3. данные'!$H:$H,'задача 3.2'!I$1,'задача 3. данные'!$E:$E,">=0"),"") -> -0.44444444 | ... N10: =IFERROR( (COUNTIFS('задача 3. данные'!$A:$A,'задача 3.2'!$A10,'задача 3. данные'!$H:$H,'задача 3.2'!N$1,'задача 3. данные'!$E:$E,">=9")- COUNTIFS('задача 3. данные'!$A:$A,'задача 3.2'!$A10,'задача 3. данные'!$H:$H,'задача 3.2'!N$1,'задача 3. данные'!$E:$E,"<=6"))/ COUNTIFS('задача 3. данные'!$A:$A,'задача 3.2'!$A10,'задача 3. данные'!$H:$H,'задача 3.2'!N$1,'задача 3. данные'!$E:$E,">=0"),"")
A11: Ткаченко Андрей Олегович | B11: =IFERROR( (COUNTIFS('задача 3. данные'!$A:$A,'задача 3.2'!$A11,'задача 3. данные'!$H:$H,'задача 3.2'!B$1,'задача 3. данные'!$E:$E,">=9")- COUNTIFS('задача 3. данные'!$A:$A,'задача 3.2'!$A11,'задача 3. данные'!$H:$H,'задача 3.2'!B$1,'задача 3. данные'!$E:$E,"<=6"))/ COUNTIFS('задача 3. данные'!$A:$A,'задача 3.2'!$A11,'задача 3. данные'!$H:$H,'задача 3.2'!B$1,'задача 3. данные'!$E:$E,">=0"),"") -> -0.66666667 | C11: =IFERROR( (COUNTIFS('задача 3. данные'!$A:$A,'задача 3.2'!$A11,'задача 3. данные'!$H:$H,'задача 3.2'!C$1,'задача 3. данные'!$E:$E,">=9")- COUNTIFS('задача 3. данные'!$A:$A,'задача 3.2'!$A11,'задача 3. данные'!$H:$H,'задача 3.2'!C$1,'задача 3. данные'!$E:$E,"<=6"))/ COUNTIFS('задача 3. данные'!$A:$A,'задача 3.2'!$A11,'задача 3. данные'!$H:$H,'задача 3.2'!C$1,'задача 3. данные'!$E:$E,">=0"),"") -> 0 | D11: =IFERROR( (COUNTIFS('задача 3. данные'!$A:$A,'задача 3.2'!$A11,'задача 3. данные'!$H:$H,'задача 3.2'!D$1,'задача 3. данные'!$E:$E,">=9")- COUNTIFS('задача 3. данные'!$A:$A,'задача 3.2'!$A11,'задача 3. данные'!$H:$H,'задача 3.2'!D$1,'задача 3. данные'!$E:$E,"<=6"))/ COUNTIFS('задача 3. данные'!$A:$A,'задача 3.2'!$A11,'задача 3. данные'!$H:$H,'задача 3.2'!D$1,'задача 3. данные'!$E:$E,">=0"),"") -> 1 | E11: =IFERROR( (COUNTIFS('задача 3. данные'!$A:$A,'задача 3.2'!$A11,'задача 3. данные'!$H:$H,'задача 3.2'!E$1,'задача 3. данные'!$E:$E,">=9")- COUNTIFS('задача 3. данные'!$A:$A,'задача 3.2'!$A11,'задача 3. данные'!$H:$H,'задача 3.2'!E$1,'задача 3. данные'!$E:$E,"<=6"))/ COUNTIFS('задача 3. данные'!$A:$A,'задача 3.2'!$A11,'задача 3. данные'!$H:$H,'задача 3.2'!E$1,'задача 3. данные'!$E:$E,">=0"),"") -> -0.44444444 | F11: =IFERROR( (COUNTIFS('задача 3. данные'!$A:$A,'задача 3.2'!$A11,'задача 3. данные'!$H:$H,'задача 3.2'!F$1,'задача 3. данные'!$E:$E,">=9")- COUNTIFS('задача 3. данные'!$A:$A,'задача 3.2'!$A11,'задача 3. данные'!$H:$H,'задача 3.2'!F$1,'задача 3. данные'!$E:$E,"<=6"))/ COUNTIFS('задача 3. данные'!$A:$A,'задача 3.2'!$A11,'задача 3. данные'!$H:$H,'задача 3.2'!F$1,'задача 3. данные'!$E:$E,">=0"),"") -> -0.57142857 | G11: =IFERROR( (COUNTIFS('задача 3. данные'!$A:$A,'задача 3.2'!$A11,'задача 3. данные'!$H:$H,'задача 3.2'!G$1,'задача 3. данные'!$E:$E,">=9")- COUNTIFS('задача 3. данные'!$A:$A,'задача 3.2'!$A11,'задача 3. данные'!$H:$H,'задача 3.2'!G$1,'задача 3. данные'!$E:$E,"<=6"))/ COUNTIFS('задача 3. данные'!$A:$A,'задача 3.2'!$A11,'задача 3. данные'!$H:$H,'задача 3.2'!G$1,'задача 3. данные'!$E:$E,">=0"),"") -> -0.16666667 | H11: =IFERROR( (COUNTIFS('задача 3. данные'!$A:$A,'задача 3.2'!$A11,'задача 3. данные'!$H:$H,'задача 3.2'!H$1,'задача 3. данные'!$E:$E,">=9")- COUNTIFS('задача 3. данные'!$A:$A,'задача 3.2'!$A11,'задача 3. данные'!$H:$H,'задача 3.2'!H$1,'задача 3. данные'!$E:$E,"<=6"))/ COUNTIFS('задача 3. данные'!$A:$A,'задача 3.2'!$A11,'задача 3. данные'!$H:$H,'задача 3.2'!H$1,'задача 3. данные'!$E:$E,">=0"),"") -> 0 | I11: =IFERROR( (COUNTIFS('задача 3. данные'!$A:$A,'задача 3.2'!$A11,'задача 3. данные'!$H:$H,'задача 3.2'!I$1,'задача 3. данные'!$E:$E,">=9")- COUNTIFS('задача 3. данные'!$A:$A,'задача 3.2'!$A11,'задача 3. данные'!$H:$H,'задача 3.2'!I$1,'задача 3. данные'!$E:$E,"<=6"))/ COUNTIFS('задача 3. данные'!$A:$A,'задача 3.2'!$A11,'задача 3. данные'!$H:$H,'задача 3.2'!I$1,'задача 3. данные'!$E:$E,">=0"),"") -> -0.16666667 | ... N11: =IFERROR( (COUNTIFS('задача 3. данные'!$A:$A,'задача 3.2'!$A11,'задача 3. данные'!$H:$H,'задача 3.2'!N$1,'задача 3. данные'!$E:$E,">=9")- COUNTIFS('задача 3. данные'!$A:$A,'задача 3.2'!$A11,'задача 3. данные'!$H:$H,'задача 3.2'!N$1,'задача 3. данные'!$E:$E,"<=6"))/ COUNTIFS('задача 3. данные'!$A:$A,'задача 3.2'!$A11,'задача 3. данные'!$H:$H,'задача 3.2'!N$1,'задача 3. данные'!$E:$E,">=0"),"") -> 0
A12: Фролов Сергей Викторович | B12: =IFERROR( (COUNTIFS('задача 3. данные'!$A:$A,'задача 3.2'!$A12,'задача 3. данные'!$H:$H,'задача 3.2'!B$1,'задача 3. данные'!$E:$E,">=9")- COUNTIFS('задача 3. данные'!$A:$A,'задача 3.2'!$A12,'задача 3. данные'!$H:$H,'задача 3.2'!B$1,'задача 3. данные'!$E:$E,"<=6"))/ COUNTIFS('задача 3. данные'!$A:$A,'задача 3.2'!$A12,'задача 3. данные'!$H:$H,'задача 3.2'!B$1,'задача 3. данные'!$E:$E,">=0"),"") -> -0.45454545 | C12: =IFERROR( (COUNTIFS('задача 3. данные'!$A:$A,'задача 3.2'!$A12,'задача 3. данные'!$H:$H,'задача 3.2'!C$1,'задача 3. данные'!$E:$E,">=9")- COUNTIFS('задача 3. данные'!$A:$A,'задача 3.2'!$A12,'задача 3. данные'!$H:$H,'задача 3.2'!C$1,'задача 3. данные'!$E:$E,"<=6"))/ COUNTIFS('задача 3. данные'!$A:$A,'задача 3.2'!$A12,'задача 3. данные'!$H:$H,'задача 3.2'!C$1,'задача 3. данные'!$E:$E,">=0"),"") -> -0.71428571 | D12: =IFERROR( (COUNTIFS('задача 3. данные'!$A:$A,'задача 3.2'!$A12,'задача 3. данные'!$H:$H,'задача 3.2'!D$1,'задача 3. данные'!$E:$E,">=9")- COUNTIFS('задача 3. данные'!$A:$A,'задача 3.2'!$A12,'задача 3. данные'!$H:$H,'задача 3.2'!D$1,'задача 3. данные'!$E:$E,"<=6"))/ COUNTIFS('задача 3. данные'!$A:$A,'задача 3.2'!$A12,'задача 3. данные'!$H:$H,'задача 3.2'!D$1,'задача 3. данные'!$E:$E,">=0"),"") -> 0 | E12: =IFERROR( (COUNTIFS('задача 3. данные'!$A:$A,'задача 3.2'!$A12,'задача 3. данные'!$H:$H,'задача 3.2'!E$1,'задача 3. данные'!$E:$E,">=9")- COUNTIFS('задача 3. данные'!$A:$A,'задача 3.2'!$A12,'задача 3. данные'!$H:$H,'задача 3.2'!E$1,'задача 3. данные'!$E:$E,"<=6"))/ COUNTIFS('задача 3. данные'!$A:$A,'задача 3.2'!$A12,'задача 3. данные'!$H:$H,'задача 3.2'!E$1,'задача 3. данные'!$E:$E,">=0"),"") -> -0.14285714 | F12: =IFERROR( (COUNTIFS('задача 3. данные'!$A:$A,'задача 3.2'!$A12,'задача 3. данные'!$H:$H,'задача 3.2'!F$1,'задача 3. данные'!$E:$E,">=9")- COUNTIFS('задача 3. данные'!$A:$A,'задача 3.2'!$A12,'задача 3. данные'!$H:$H,'задача 3.2'!F$1,'задача 3. данные'!$E:$E,"<=6"))/ COUNTIFS('задача 3. данные'!$A:$A,'задача 3.2'!$A12,'задача 3. данные'!$H:$H,'задача 3.2'!F$1,'задача 3. данные'!$E:$E,">=0"),"") -> -0.5 | G12: =IFERROR( (COUNTIFS('задача 3. данные'!$A:$A,'задача 3.2'!$A12,'задача 3. данные'!$H:$H,'задача 3.2'!G$1,'задача 3. данные'!$E:$E,">=9")- COUNTIFS('задача 3. данные'!$A:$A,'задача 3.2'!$A12,'задача 3. данные'!$H:$H,'задача 3.2'!G$1,'задача 3. данные'!$E:$E,"<=6"))/ COUNTIFS('задача 3. данные'!$A:$A,'задача 3.2'!$A12,'задача 3. данные'!$H:$H,'задача 3.2'!G$1,'задача 3. данные'!$E:$E,">=0"),"") -> -0.14285714 | H12: =IFERROR( (COUNTIFS('задача 3. данные'!$A:$A,'задача 3.2'!$A12,'задача 3. данные'!$H:$H,'задача 3.2'!H$1,'задача 3. данные'!$E:$E,">=9")- COUNTIFS('задача 3. данные'!$A:$A,'задача 3.2'!$A12,'задача 3. данные'!$H:$H,'задача 3.2'!H$1,'задача 3. данные'!$E:$E,"<=6"))/ COUNTIFS('задача 3. данные'!$A:$A,'задача 3.2'!$A12,'задача 3. данные'!$H:$H,'задача 3.2'!H$1,'задача 3. данные'!$E:$E,">=0"),"") -> -0.25 | I12: =IFERROR( (COUNTIFS('задача 3. данные'!$A:$A,'задача 3.2'!$A12,'задача 3. данные'!$H:$H,'задача 3.2'!I$1,'задача 3. данные'!$E:$E,">=9")- COUNTIFS('задача 3. данные'!$A:$A,'задача 3.2'!$A12,'задача 3. данные'!$H:$H,'задача 3.2'!I$1,'задача 3. данные'!$E:$E,"<=6"))/ COUNTIFS('задача 3. данные'!$A:$A,'задача 3.2'!$A12,'задача 3. данные'!$H:$H,'задача 3.2'!I$1,'задача 3. данные'!$E:$E,">=0"),"") -> -0.4 | ... N12: =IFERROR( (COUNTIFS('задача 3. данные'!$A:$A,'задача 3.2'!$A12,'задача 3. данные'!$H:$H,'задача 3.2'!N$1,'задача 3. данные'!$E:$E,">=9")- COUNTIFS('задача 3. данные'!$A:$A,'задача 3.2'!$A12,'задача 3. данные'!$H:$H,'задача 3.2'!N$1,'задача 3. данные'!$E:$E,"<=6"))/ COUNTIFS('задача 3. данные'!$A:$A,'задача 3.2'!$A12,'задача 3. данные'!$H:$H,'задача 3.2'!N$1,'задача 3. данные'!$E:$E,">=0"),"")
A13: Яковлев Артем Игоревич | B13: =IFERROR( (COUNTIFS('задача 3. данные'!$A:$A,'задача 3.2'!$A13,'задача 3. данные'!$H:$H,'задача 3.2'!B$1,'задача 3. данные'!$E:$E,">=9")- COUNTIFS('задача 3. данные'!$A:$A,'задача 3.2'!$A13,'задача 3. данные'!$H:$H,'задача 3.2'!B$1,'задача 3. данные'!$E:$E,"<=6"))/ COUNTIFS('задача 3. данные'!$A:$A,'задача 3.2'!$A13,'задача 3. данные'!$H:$H,'задача 3.2'!B$1,'задача 3. данные'!$E:$E,">=0"),"") -> 0 | C13: =IFERROR( (COUNTIFS('задача 3. данные'!$A:$A,'задача 3.2'!$A13,'задача 3. данные'!$H:$H,'задача 3.2'!C$1,'задача 3. данные'!$E:$E,">=9")- COUNTIFS('задача 3. данные'!$A:$A,'задача 3.2'!$A13,'задача 3. данные'!$H:$H,'задача 3.2'!C$1,'задача 3. данные'!$E:$E,"<=6"))/ COUNTIFS('задача 3. данные'!$A:$A,'задача 3.2'!$A13,'задача 3. данные'!$H:$H,'задача 3.2'!C$1,'задача 3. данные'!$E:$E,">=0"),"") -> -0.14285714 | D13: =IFERROR( (COUNTIFS('задача 3. данные'!$A:$A,'задача 3.2'!$A13,'задача 3. данные'!$H:$H,'задача 3.2'!D$1,'задача 3. данные'!$E:$E,">=9")- COUNTIFS('задача 3. данные'!$A:$A,'задача 3.2'!$A13,'задача 3. данные'!$H:$H,'задача 3.2'!D$1,'задача 3. данные'!$E:$E,"<=6"))/ COUNTIFS('задача 3. данные'!$A:$A,'задача 3.2'!$A13,'задача 3. данные'!$H:$H,'задача 3.2'!D$1,'задача 3. данные'!$E:$E,">=0"),"") -> -1 | E13: =IFERROR( (COUNTIFS('задача 3. данные'!$A:$A,'задача 3.2'!$A13,'задача 3. данные'!$H:$H,'задача 3.2'!E$1,'задача 3. данные'!$E:$E,">=9")- COUNTIFS('задача 3. данные'!$A:$A,'задача 3.2'!$A13,'задача 3. данные'!$H:$H,'задача 3.2'!E$1,'задача 3. данные'!$E:$E,"<=6"))/ COUNTIFS('задача 3. данные'!$A:$A,'задача 3.2'!$A13,'задача 3. данные'!$H:$H,'задача 3.2'!E$1,'задача 3. данные'!$E:$E,">=0"),"") -> -0.6 | F13: =IFERROR( (COUNTIFS('задача 3. данные'!$A:$A,'задача 3.2'!$A13,'задача 3. данные'!$H:$H,'задача 3.2'!F$1,'задача 3. данные'!$E:$E,">=9")- COUNTIFS('задача 3. данные'!$A:$A,'задача 3.2'!$A13,'задача 3. данные'!$H:$H,'задача 3.2'!F$1,'задача 3. данные'!$E:$E,"<=6"))/ COUNTIFS('задача 3. данные'!$A:$A,'задача 3.2'!$A13,'задача 3. данные'!$H:$H,'задача 3.2'!F$1,'задача 3. данные'!$E:$E,">=0"),"") -> -0.42857143 | G13: =IFERROR( (COUNTIFS('задача 3. данные'!$A:$A,'задача 3.2'!$A13,'задача 3. данные'!$H:$H,'задача 3.2'!G$1,'задача 3. данные'!$E:$E,">=9")- COUNTIFS('задача 3. данные'!$A:$A,'задача 3.2'!$A13,'задача 3. данные'!$H:$H,'задача 3.2'!G$1,'задача 3. данные'!$E:$E,"<=6"))/ COUNTIFS('задача 3. данные'!$A:$A,'задача 3.2'!$A13,'задача 3. данные'!$H:$H,'задача 3.2'!G$1,'задача 3. данные'!$E:$E,">=0"),"") -> -0.66666667 | H13: =IFERROR( (COUNTIFS('задача 3. данные'!$A:$A,'задача 3.2'!$A13,'задача 3. данные'!$H:$H,'задача 3.2'!H$1,'задача 3. данные'!$E:$E,">=9")- COUNTIFS('задача 3. данные'!$A:$A,'задача 3.2'!$A13,'задача 3. данные'!$H:$H,'задача 3.2'!H$1,'задача 3. данные'!$E:$E,"<=6"))/ COUNTIFS('задача 3. данные'!$A:$A,'задача 3.2'!$A13,'задача 3. данные'!$H:$H,'задача 3.2'!H$1,'задача 3. данные'!$E:$E,">=0"),"") -> -0.625 | I13: =IFERROR( (COUNTIFS('задача 3. данные'!$A:$A,'задача 3.2'!$A13,'задача 3. данные'!$H:$H,'задача 3.2'!I$1,'задача 3. данные'!$E:$E,">=9")- COUNTIFS('задача 3. данные'!$A:$A,'задача 3.2'!$A13,'задача 3. данные'!$H:$H,'задача 3.2'!I$1,'задача 3. данные'!$E:$E,"<=6"))/ COUNTIFS('задача 3. данные'!$A:$A,'задача 3.2'!$A13,'задача 3. данные'!$H:$H,'задача 3.2'!I$1,'задача 3. данные'!$E:$E,">=0"),"") -> -1 | ... N13: =IFERROR( (COUNTIFS('задача 3. данные'!$A:$A,'задача 3.2'!$A13,'задача 3. данные'!$H:$H,'задача 3.2'!N$1,'задача 3. данные'!$E:$E,">=9")- COUNTIFS('задача 3. данные'!$A:$A,'задача 3.2'!$A13,'задача 3. данные'!$H:$H,'задача 3.2'!N$1,'задача 3. данные'!$E:$E,"<=6"))/ COUNTIFS('задача 3. данные'!$A:$A,'задача 3.2'!$A13,'задача 3. данные'!$H:$H,'задача 3.2'!N$1,'задача 3. данные'!$E:$E,">=0"),"")

Sheet задача 3.3
B1: 2023-9 | C1: 2023-10 | D1: 2023-11 | E1: 2023-12 | F1: 2024-1 | G1: 2024-2 | H1: 2024-3 | I1: 2024-4 | J1: 2024-5 | K1: 2024-6 | L1: 2024-7 | M1: 2024-8 | N1: 2024-9
A2: Белов Алексей Константинович | B2: =IFERROR(AVERAGEIFS('задача 3. данные'!$D:$D,'задача 3. данные'!$A:$A,'задача 3. данные'!$A2,'задача 3. данные'!$H:$H,'задача 3.3'!B$1),"") -> 71124.556 | C2: =IFERROR(AVERAGEIFS('задача 3. данные'!$D:$D,'задача 3. данные'!$A:$A,'задача 3. данные'!$A2,'задача 3. данные'!$H:$H,'задача 3.3'!C$1),"") -> 60299.857 | D2: =IFERROR(AVERAGEIFS('задача 3. данные'!$D:$D,'задача 3. данные'!$A:$A,'задача 3. данные'!$A2,'задача 3. данные'!$H:$H,'задача 3.3'!D$1),"") -> 49575 | E2: =IFERROR(AVERAGEIFS('задача 3. данные'!$D:$D,'задача 3. данные'!$A:$A,'задача 3. данные'!$A2,'задача 3. данные'!$H:$H,'задача 3.3'!E$1),"") -> 39807.333 | F2: =IFERROR(AVERAGEIFS('задача 3. данные'!$D:$D,'задача 3. данные'!$A:$A,'задача 3. данные'!$A2,'задача 3. данные'!$H:$H,'задача 3.3'!F$1),"") -> 57501.286 | G2: =IFERROR(AVERAGEIFS('задача 3. данные'!$D:$D,'задача 3. данные'!$A:$A,'задача 3. данные'!$A2,'задача 3. данные'!$H:$H,'задача 3.3'!G$1),"") -> 48980.833 | H2: =IFERROR(AVERAGEIFS('задача 3. данные'!$D:$D,'задача 3. данные'!$A:$A,'задача 3. данные'!$A2,'задача 3. данные'!$H:$H,'задача 3.3'!H$1),"") -> 58296.714 | I2: =IFERROR(AVERAGEIFS('задача 3. данные'!$D:$D,'задача 3. данные'!$A:$A,'задача 3. данные'!$A2,'задача 3. данные'!$H:$H,'задача 3.3'!I$1),"") -> 59238.833 | ... N2: =IFERROR(AVERAGEIFS('задача 3. данные'!$D:$D,'задача 3. данные'!$A:$A,'задача 3. данные'!$A2,'задача 3. данные'!$H:$H,'задача 3.3'!N$1),"") -> 72906
A3: Громова Мария Ильинична | B3: =IFERROR(AVERAGEIFS('задача 3. данные'!$D:$D,'задача 3. данные'!$A:$A,'задача 3. данные'!$A3,'задача 3. данные'!$H:$H,'задача 3.3'!B$1),"") -> 42514.25 | C3: =IFERROR(AVERAGEIFS('задача 3. данные'!$D:$D,'задача 3. данные'!$A:$A,'задача 3. данные'!$A3,'задача 3. данные'!$H:$H,'задача 3.3'!C$1),"") -> 49699.2 | D3: =IFERROR(AVERAGEIFS('задача 3. данные'!$D:$D,'задача 3. данные'!$A:$A,'задача 3. данные'!$A3,'задача 3. данные'!$H:$H,'задача 3.3'!D$1),"") -> 61280.778 | E3: =IFERROR(AVERAGEIFS('задача 3. данные'!$D:$D,'задача 3. данные'!$A:$A,'задача 3. данные'!$A3,'задача 3. данные'!$H:$H,'задача 3.3'!E$1),"") -> 69123.333 | F3: =IFERROR(AVERAGEIFS('задача 3. данные'!$D:$D,'задача 3. данные'!$A:$A,'задача 3. данные'!$A3,'задача 3. данные'!$H:$H,'задача 3.3'!F$1),"") -> 52360.333 | G3: =IFERROR(AVERAGEIFS('задача 3. данные'!$D:$D,'задача 3. данные'!$A:$A,'задача 3. данные'!$A3,'задача 3. данные'!$H:$H,'задача 3.3'!G$1),"") -> 46927.75 | H3: =IFERROR(AVERAGEIFS('задача 3. данные'!$D:$D,'задача 3. данные'!$A:$A,'задача 3. данные'!$A3,'задача 3. данные'!$H:$H,'задача 3.3'!H$1),"") -> 47920.889 | I3: =IFERROR(AVERAGEIFS('задача 3. данные'!$D:$D,'задача 3. данные'!$A:$A,'задача 3. данные'!$A3,'задача 3. данные'!$H:$H,'задача 3.3'!I$1),"") -> 77257 | ... N3: =IFERROR(AVERAGEIFS('задача 3. данные'!$D:$D,'задача 3. данные'!$A:$A,'задача 3. данные'!$A3,'задача 3. данные'!$H:$H,'задача 3.3'!N$1),"")
A4: Иванова Анна Сергеевна | B4: =IFERROR(AVERAGEIFS('задача 3. данные'!$D:$D,'задача 3. данные'!$A:$A,'задача 3. данные'!$A4,'задача 3. данные'!$H:$H,'задача 3.3'!B$1),"") -> 48439 | C4: =IFERROR(AVERAGEIFS('задача 3. данные'!$D:$D,'задача 3. данные'!$A:$A,'задача 3. данные'!$A4,'задача 3. данные'!$H:$H,'задача 3.3'!C$1),"") -> 46160.286 | D4: =IFERROR(AVERAGEIFS('задача 3. данные'!$D:$D,'задача 3. данные'!$A:$A,'задача 3. данные'!$A4,'задача 3. данные'!$H:$H,'задача 3.3'!D$1),"") -> 38849.833 | E4: =IFERROR(AVERAGEIFS('задача 3. данные'!$D:$D,'задача 3. данные'!$A:$A,'задача 3. данные'!$A4,'задача 3. данные'!$H:$H,'задача 3.3'!E$1),"") -> 70919 | F4: =IFERROR(AVERAGEIFS('задача 3. данные'!$D:$D,'задача 3. данные'!$A:$A,'задача 3. данные'!$A4,'задача 3. данные'!$H:$H,'задача 3.3'!F$1),"") -> 59589 | G4: =IFERROR(AVERAGEIFS('задача 3. данные'!$D:$D,'задача 3. данные'!$A:$A,'задача 3. данные'!$A4,'задача 3. данные'!$H:$H,'задача 3.3'!G$1),"") -> 40459 | H4: =IFERROR(AVERAGEIFS('задача 3. данные'!$D:$D,'задача 3. данные'!$A:$A,'задача 3. данные'!$A4,'задача 3. данные'!$H:$H,'задача 3.3'!H$1),"") -> 75275.667 | I4: =IFERROR(AVERAGEIFS('задача 3. данные'!$D:$D,'задача 3. данные'!$A:$A,'задача 3. данные'!$A4,'задача 3. данные'!$H:$H,'задача 3.3'!I$1),"") -> 54387.5 | ... N4: =IFERROR(AVERAGEIFS('задача 3. данные'!$D:$D,'задача 3. данные'!$A:$A,'задача 3. данные'!$A4,'задача 3. данные'!$H:$H,'задача 3.3'!N$1),"")
A5: Кузнецов Дмитрий Львович | B5: =IFERROR(AVERAGEIFS('задача 3. данные'!$D:$D,'задача 3. данные'!$A:$A,'задача 3. данные'!$A5,'задача 3. данные'!$H:$H,'задача 3.3'!B$1),"") -> 46113.5 | C5: =IFERROR(AVERAGEIFS('задача 3. данные'!$D:$D,'задача 3. данные'!$A:$A,'задача 3. данные'!$A5,'задача 3. данные'!$H:$H,'задача 3.3'!C$1),"") -> 56964.333 | D5: =IFERROR(AVERAGEIFS('задача 3. данные'!$D:$D,'задача 3. данные'!$A:$A,'задача 3. данные'!$A5,'задача 3. данные'!$H:$H,'задача 3.3'!D$1),"") -> 25958 | E5: =IFERROR(AVERAGEIFS('задача 3. данные'!$D:$D,'задача 3. данные'!$A:$A,'задача 3. данные'!$A5,'задача 3. данные'!$H:$H,'задача 3.3'!E$1),"") -> 58114.25 | F5: =IFERROR(AVERAGEIFS('задача 3. данные'!$D:$D,'задача 3. данные'!$A:$A,'задача 3. данные'!$A5,'задача 3. данные'!$H:$H,'задача 3.3'!F$1),"") -> 54315.6 | G5: =IFERROR(AVERAGEIFS('задача 3. данные'!$D:$D,'задача 3. данные'!$A:$A,'задача 3. данные'!$A5,'задача 3. данные'!$H:$H,'задача 3.3'!G$1),"") -> 32023.286 | H5: =IFERROR(AVERAGEIFS('задача 3. данные'!$D:$D,'задача 3. данные'!$A:$A,'задача 3. данные'!$A5,'задача 3. данные'!$H:$H,'задача 3.3'!H$1),"") -> 48109.2 | I5: =IFERROR(AVERAGEIFS('задача 3. данные'!$D:$D,'задача 3. данные'!$A:$A,'задача 3. данные'!$A5,'задача 3. данные'!$H:$H,'задача 3.3'!I$1),"") -> 59755.889 | ... N5: =IFERROR(AVERAGEIFS('задача 3. данные'!$D:$D,'задача 3. данные'!$A:$A,'задача 3. данные'!$A5,'задача 3. данные'!$H:$H,'задача 3.3'!N$1),"")
A6: Новикова Ольга Петровна | B6: =IFERROR(AVERAGEIFS('задача 3. данные'!$D:$D,'задача 3. данные'!$A:$A,'задача 3. данные'!$A6,'задача 3. данные'!$H:$H,'задача 3.3'!B$1),"") -> 66919.333 | C6: =IFERROR(AVERAGEIFS('задача 3. данные'!$D:$D,'задача 3. данные'!$A:$A,'задача 3. данные'!$A6,'задача 3. данные'!$H:$H,'задача 3.3'!C$1),"") -> 54863.167 | D6: =IFERROR(AVERAGEIFS('задача 3. данные'!$D:$D,'задача 3. данные'!$A:$A,'задача 3. данные'!$A6,'задача 3. данные'!$H:$H,'задача 3.3'!D$1),"") -> 59163.5 | E6: =IFERROR(AVERAGEIFS('задача 3. данные'!$D:$D,'задача 3. данные'!$A:$A,'задача 3. данные'!$A6,'задача 3. данные'!$H:$H,'задача 3.3'!E$1),"") -> 46080.333 | F6: =IFERROR(AVERAGEIFS('задача 3. данные'!$D:$D,'задача 3. данные'!$A:$A,'задача 3. данные'!$A6,'задача 3. данные'!$H:$H,'задача 3.3'!F$1),"") -> 61251.857 | G6: =IFERROR(AVERAGEIFS('задача 3. данные'!$D:$D,'задача 3. данные'!$A:$A,'задача 3. данные'!$A6,'задача 3. данные'!$H:$H,'задача 3.3'!G$1),"") -> 42912.75 | H6: =IFERROR(AVERAGEIFS('задача 3. данные'!$D:$D,'задача 3. данные'!$A:$A,'задача 3. данные'!$A6,'задача 3. данные'!$H:$H,'задача 3.3'!H$1),"") -> 56430 | I6: =IFERROR(AVERAGEIFS('задача 3. данные'!$D:$D,'задача 3. данные'!$A:$A,'задача 3. данные'!$A6,'задача 3. данные'!$H:$H,'задача 3.3'!I$1),"") -> 59479.8 | ... N6: =IFERROR(AVERAGEIFS('задача 3. данные'!$D:$D,'задача 3. данные'!$A:$A,'задача 3. данные'!$A6,'задача 3. данные'!$H:$H,'задача 3.3'!N$1),"")
A7: Орлов Павел Денисович | B7: =IFERROR(AVERAGEIFS('задача 3. данные'!$D:$D,'задача 3. данные'!$A:$A,'задача 3. данные'!$A7,'задача 3. данные'!$H:$H,'задача 3.3'!B$1),"") -> 56495 | C7: =IFERROR(AVERAGEIFS('задача 3. данные'!$D:$D,'задача 3. данные'!$A:$A,'задача 3. данные'!$A7,'задача 3. данные'!$H:$H,'задача 3.3'!C$1),"") -> 73958 | D7: =IFERROR(AVERAGEIFS('задача 3. данные'!$D:$D,'задача 3. данные'!$A:$A,'задача 3. данные'!$A7,'задача 3. данные'!$H:$H,'задача 3.3'!D$1),"") -> 60856.167 | E7: =IFERROR(AVERAGEIFS('задача 3. данные'!$D:$D,'задача 3. данные'!$A:$A,'задача 3. данные'!$A7,'задача 3. данные'!$H:$H,'задача 3.3'!E$1),"") -> 55477.7 | F7: =IFERROR(AVERAGEIFS('задача 3. данные'!$D:$D,'задача 3. данные'!$A:$A,'задача 3. данные'!$A7,'задача 3. данные'!$H:$H,'задача 3.3'!F$1),"") -> 50835.667 | G7: =IFERROR(AVERAGEIFS('задача 3. данные'!$D:$D,'задача 3. данные'!$A:$A,'задача 3. данные'!$A7,'задача 3. данные'!$H:$H,'задача 3.3'!G$1),"") -> 55620.909 | H7: =IFERROR(AVERAGEIFS('задача 3. данные'!$D:$D,'задача 3. данные'!$A:$A,'задача 3. данные'!$A7,'задача 3. данные'!$H:$H,'задача 3.3'!H$1),"") -> 58521.222 | I7: =IFERROR(AVERAGEIFS('задача 3. данные'!$D:$D,'задача 3. данные'!$A:$A,'задача 3. данные'!$A7,'задача 3. данные'!$H:$H,'задача 3.3'!I$1),"") -> 37718.75 | ... N7: =IFERROR(AVERAGEIFS('задача 3. данные'!$D:$D,'задача 3. данные'!$A:$A,'задача 3. данные'!$A7,'задача 3. данные'!$H:$H,'задача 3.3'!N$1),"")
A8: Петров Владимир Кириллович | B8: =IFERROR(AVERAGEIFS('задача 3. данные'!$D:$D,'задача 3. данные'!$A:$A,'задача 3. данные'!$A8,'задача 3. данные'!$H:$H,'задача 3.3'!B$1),"") -> 42514.25 | C8: =IFERROR(AVERAGEIFS('задача 3. данные'!$D:$D,'задача 3. данные'!$A:$A,'задача 3. данные'!$A8,'задача 3. данные'!$H:$H,'задача 3.3'!C$1),"") -> 49699.2 | D8: =IFERROR(AVERAGEIFS('задача 3. данные'!$D:$D,'задача 3. данные'!$A:$A,'задача 3. данные'!$A8,'задача 3. данные'!$H:$H,'задача 3.3'!D$1),"") -> 61280.778 | E8: =IFERROR(AVERAGEIFS('задача 3. данные'!$D:$D,'задача 3. данные'!$A:$A,'задача 3. данные'!$A8,'задача 3. данные'!$H:$H,'задача 3.3'!E$1),"") -> 69123.333 | F8: =IFERROR(AVERAGEIFS('задача 3. данные'!$D:$D,'задача 3. данные'!$A:$A,'задача 3. данные'!$A8,'задача 3. данные'!$H:$H,'задача 3.3'!F$1),"") -> 52360.333 | G8: =IFERROR(AVERAGEIFS('задача 3. данные'!$D:$D,'задача 3. данные'!$A:$A,'задача 3. данные'!$A8,'задача 3. данные'!$H:$H,'задача 3.3'!G$1),"") -> 46927.75 | H8: =IFERROR(AVERAGEIFS('задача 3. данные'!$D:$D,'задача 3. данные'!$A:$A,'задача 3. данные'!$A8,'задача 3. данные'!$H:$H,'задача 3.3'!H$1),"") -> 47920.889 | I8: =IFERROR(AVERAGEIFS('задача 3. данные'!$D:$D,'задача 3. данные'!$A:$A,'задача 3. данные'!$A8,'задача 3. данные'!$H:$H,'задача 3.3'!I$1),"") -> 77257 | ... N8: =IFERROR(AVERAGEIFS('задача 3. данные'!$D:$D,'задача 3. данные'!$A:$A,'задача 3. данные'!$A8,'задача 3. данные'!$H:$H,'задача 3.3'!N$1),"")
A9: Семенова Ирина Валерьевна | B9: =IFERROR(AVERAGEIFS('задача 3. данные'!$D:$D,'задача 3. данные'!$A:$A,'задача 3. данные'!$A9,'задача 3. данные'!$H:$H,'задача 3.3'!B$1),"") -> 48439 | C9: =IFERROR(AVERAGEIFS('задача 3. данные'!$D:$D,'задача 3. данные'!$A:$A,'задача 3. данные'!$A9,'задача 3. данные'!$H:$H,'задача 3.3'!C$1),"") -> 46160.286 | D9: =IFERROR(AVERAGEIFS('задача 3. данные'!$D:$D,'задача 3. данные'!$A:$A,'задача 3. данные'!$A9,'задача 3. данные'!$H:$H,'задача 3.3'!D$1),"") -> 38849.833 | E9: =IFERROR(AVERAGEIFS('задача 3. данные'!$D:$D,'задача 3. данные'!$A:$A,'задача 3. данные'!$A9,'задача 3. данные'!$H:$H,'задача 3.3'!E$1),"") -> 70919 | F9: =IFERROR(AVERAGEIFS('задача 3. данные'!$D:$D,'задача 3. данные'!$A:$A,'задача 3. данные'!$A9,'задача 3. данные'!$H:$H,'задача 3.3'!F$1),"") -> 59589 | G9: =IFERROR(AVERAGEIFS('задача 3. данные'!$D:$D,'задача 3. данные'!$A:$A,'задача 3. данные'!$A9,'задача 3. данные'!$H:$H,'задача 3.3'!G$1),"") -> 40459 | H9: =IFERROR(AVERAGEIFS('задача 3. данные'!$D:$D,'задача 3. данные'!$A:$A,'задача 3. данные'!$A9,'задача 3. данные'!$H:$H,'задача 3.3'!H$1),"") -> 75275.667 | I9: =IFERROR(AVERAGEIFS('задача 3. данные'!$D:$D,'задача 3. данные'!$A:$A,'задача 3. данные'!$A9,'задача 3. данные'!$H:$H,'задача 3.3'!I$1),"") -> 54387.5 | ... N9: =IFERROR(AVERAGEIFS('задача 3. данные'!$D:$D,'задача 3. данные'!$A:$A,'задача 3. данные'!$A9,'задача 3. данные'!$H:$H,'задача 3.3'!N$1),"")
A10: Сидорова Елена Васильевна | B10: =IFERROR(AVERAGEIFS('задача 3. данные'!$D:$D,'задача 3. данные'!$A:$A,'задача 3. данные'!$A10,'задача 3. данные'!$H:$H,'задача 3.3'!B$1),"") -> 48439 | C10: =IFERROR(AVERAGEIFS('задача 3. данные'!$D:$D,'задача 3. данные'!$A:$A,'задача 3. данные'!$A10,'задача 3. данные'!$H:$H,'задача 3.3'!C$1),"") -> 46160.286 | D10: =IFERROR(AVERAGEIFS('задача 3. данные'!$D:$D,'задача 3. данные'!$A:$A,'задача 3. данные'!$A10,'задача 3. данные'!$H:$H,'задача 3.3'!D$1),"") -> 38849.833 | E10: =IFERROR(AVERAGEIFS('задача 3. данные'!$D:$D,'задача 3. данные'!$A:$A,'задача 3. данные'!$A10,'задача 3. данные'!$H:$H,'задача 3.3'!E$1),"") -> 70919 | F10: =IFERROR(AVERAGEIFS('задача 3. данные'!$D:$D,'задача 3. данные'!$A:$A,'задача 3. данные'!$A10,'задача 3. данные'!$H:$H,'задача 3.3'!F$1),"") -> 59589 | G10: =IFERROR(AVERAGEIFS('задача 3. данные'!$D:$D,'задача 3. данные'!$A:$A,'задача 3. данные'!$A10,'задача 3. данные'!$H:$H,'задача 3.3'!G$1),"") -> 40459 | H10: =IFERROR(AVERAGEIFS('задача 3. данные'!$D:$D,'задача 3. данные'!$A:$A,'задача 3. данные'!$A10,'задача 3. данные'!$H:$H,'задача 3.3'!H$1),"") -> 75275.667 | I10: =IFERROR(AVERAGEIFS('задача 3. данные'!$D:$D,'задача 3. данные'!$A:$A,'задача 3. данные'!$A10,'задача 3. данные'!$H:$H,'задача 3.3'!I$1),"") -> 54387.5 | ... N10: =IFERROR(AVERAGEIFS('задача 3. данные'!$D:$D,'задача 3. данные'!$A:$A,'задача 3. данные'!$A10,'задача 3. данные'!$H:$H,'задача 3.3'!N$1),"")
A11: Ткаченко Андрей Олегович | B11: =IFERROR(AVERAGEIFS('задача 3. данные'!$D:$D,'задача 3. данные'!$A:$A,'задача 3. данные'!$A11,'задача 3. данные'!$H:$H,'задача 3.3'!B$1),"") -> 62136.143 | C11: =IFERROR(AVERAGEIFS('задача 3. данные'!$D:$D,'задача 3. данные'!$A:$A,'задача 3. данные'!$A11,'задача 3. данные'!$H:$H,'задача 3.3'!C$1),"") -> 44260.2 | D11: =IFERROR(AVERAGEIFS('задача 3. данные'!$D:$D,'задача 3. данные'!$A:$A,'задача 3. данные'!$A11,'задача 3. данные'!$H:$H,'задача 3.3'!D$1),"") -> 57768.462 | E11: =IFERROR(AVERAGEIFS('задача 3. данные'!$D:$D,'задача 3. данные'!$A:$A,'задача 3. данные'!$A11,'задача 3. данные'!$H:$H,'задача 3.3'!E$1),"") -> 64551.167 | F11: =IFERROR(AVERAGEIFS('задача 3. данные'!$D:$D,'задача 3. данные'!$A:$A,'задача 3. данные'!$A11,'задача 3. данные'!$H:$H,'задача 3.3'!F$1),"") -> 49520 | G11: =IFERROR(AVERAGEIFS('задача 3. данные'!$D:$D,'задача 3. данные'!$A:$A,'задача 3. данные'!$A11,'задача 3. данные'!$H:$H,'задача 3.3'!G$1),"") -> 61236.5 | H11: =IFERROR(AVERAGEIFS('задача 3. данные'!$D:$D,'задача 3. данные'!$A:$A,'задача 3. данные'!$A11,'задача 3. данные'!$H:$H,'задача 3.3'!H$1),"") -> 46081.667 | I11: =IFERROR(AVERAGEIFS('задача 3. данные'!$D:$D,'задача 3. данные'!$A:$A,'задача 3. данные'!$A11,'задача 3. данные'!$H:$H,'задача 3.3'!I$1),"") -> 49600.333 | ... N11: =IFERROR(AVERAGEIFS('задача 3. данные'!$D:$D,'задача 3. данные'!$A:$A,'задача 3. данные'!$A11,'задача 3. данные'!$H:$H,'задача 3.3'!N$1),"")
A12: Фролов Сергей Викторович | B12: =IFERROR(AVERAGEIFS('задача 3. данные'!$D:$D,'задача 3. данные'!$A:$A,'задача 3. данные'!$A12,'задача 3. данные'!$H:$H,'задача 3.3'!B$1),"") -> 46113.5 | C12: =IFERROR(AVERAGEIFS('задача 3. данные'!$D:$D,'задача 3. данные'!$A:$A,'задача 3. данные'!$A12,'задача 3. данные'!$H:$H,'задача 3.3'!C$1),"") -> 56964.333 | D12: =IFERROR(AVERAGEIFS('задача 3. данные'!$D:$D,'задача 3. данные'!$A:$A,'задача 3. данные'!$A12,'задача 3. данные'!$H:$H,'задача 3.3'!D$1),"") -> 25958 | E12: =IFERROR(AVERAGEIFS('задача 3. данные'!$D:$D,'задача 3. данные'!$A:$A,'задача 3. данные'!$A12,'задача 3. данные'!$H:$H,'задача 3.3'!E$1),"") -> 58114.25 | F12: =IFERROR(AVERAGEIFS('задача 3. данные'!$D:$D,'задача 3. данные'!$A:$A,'задача 3. данные'!$A12,'задача 3. данные'!$H:$H,'задача 3.3'!F$1),"") -> 54315.6 | G12: =IFERROR(AVERAGEIFS('задача 3. данные'!$D:$D,'задача 3. данные'!$A:$A,'задача 3. данные'!$A12,'задача 3. данные'!$H:$H,'задача 3.3'!G$1),"") -> 32023.286 | H12: =IFERROR(AVERAGEIFS('задача 3. данные'!$D:$D,'задача 3. данные'!$A:$A,'задача 3. данные'!$A12,'задача 3. данные'!$H:$H,'задача 3.3'!H$1),"") -> 48109.2 | I12: =IFERROR(AVERAGEIFS('задача 3. данные'!$D:$D,'задача 3. данные'!$A:$A,'задача 3. данные'!$A12,'задача 3. данные'!$H:$H,'задача 3.3'!I$1),"") -> 59755.889 | ... N12: =IFERROR(AVERAGEIFS('задача 3. данные'!$D:$D,'задача 3. данные'!$A:$A,'задача 3. данные'!$A12,'задача 3. данные'!$H:$H,'задача 3.3'!N$1),"")
A13: Яковлев Артем Игоревич | B13: =IFERROR(AVERAGEIFS('задача 3. данные'!$D:$D,'задача 3. данные'!$A:$A,'задача 3. данные'!$A13,'задача 3. данные'!$H:$H,'задача 3.3'!B$1),"") -> 55100.818 | C13: =IFERROR(AVERAGEIFS('задача 3. данные'!$D:$D,'задача 3. данные'!$A:$A,'задача 3. данные'!$A13,'задача 3. данные'!$H:$H,'задача 3.3'!C$1),"") -> 38786.571 | D13: =IFERROR(AVERAGEIFS('задача 3. данные'!$D:$D,'задача 3. данные'!$A:$A,'задача 3. данные'!$A13,'задача 3. данные'!$H:$H,'задача 3.3'!D$1),"") -> 30682 | E13: =IFERROR(AVERAGEIFS('задача 3. данные'!$D:$D,'задача 3. данные'!$A:$A,'задача 3. данные'!$A13,'задача 3. данные'!$H:$H,'задача 3.3'!E$1),"") -> 60800.571 | F13: =IFERROR(AVERAGEIFS('задача 3. данные'!$D:$D,'задача 3. данные'!$A:$A,'задача 3. данные'!$A13,'задача 3. данные'!$H:$H,'задача 3.3'!F$1),"") -> 50783.2 | G13: =IFERROR(AVERAGEIFS('задача 3. данные'!$D:$D,'задача 3. данные'!$A:$A,'задача 3. данные'!$A13,'задача 3. данные'!$H:$H,'задача 3.3'!G$1),"") -> 66376.286 | H13: =IFERROR(AVERAGEIFS('задача 3. данные'!$D:$D,'задача 3. данные'!$A:$A,'задача 3. данные'!$A13,'задача 3. данные'!$H:$H,'задача 3.3'!H$1),"") -> 39807.625 | I13: =IFERROR(AVERAGEIFS('задача 3. данные'!$D:$D,'задача 3. данные'!$A:$A,'задача 3. данные'!$A13,'задача 3. данные'!$H:$H,'задача 3.3'!I$1),"") -> 54431.8 | ... N13: =IFERROR(AVERAGEIFS('задача 3. данные'!$D:$D,'задача 3. данные'!$A:$A,'задача 3. данные'!$A13,'задача 3. данные'!$H:$H,'задача 3.3'!N$1),"")

Sheet результат
A1: ФИО студента: | B1: Сидоров Сидр Сидорович
A2: Задача 1 | B2: Для каждого менеджера найти метрики: | G2: ФИО Менеджера (по алфавиту) | H2: Клиенты | I2: Сумма | J2: Длительность, дни | K2: NPS
B3: - количество клиентов - (столбец H) | F3: 1 | G3: Белов Алексей Константинович | H3: =COUNTIF('задача 1'!D:D,результат!G3) -> 63 | I3: =SUMIF(Данные!A:A,результат!G3,Данные!D:D) -> 3879891 | J3: =VLOOKUP(G3,'задача 1.1'!A:E,5,0) -> 238 | K3: =(COUNTIFS(Данные!A:A,результат!G3,Данные!E:E,">=9")-COUNTIFS(Данные!A:A,результат!G3,Данные!E:E,"<=6")) / COUNTIFS(Данные!A:A,результат!G3,Данные!E:E,">=0") -> -0.34246575
B4: - сумма проектов - (столбец I) | F4: 2 | G4: Громова Мария Ильинична | H4: =COUNTIF('задача 1'!D:D,результат!G4) -> 61 | I4: =SUMIF(Данные!A:A,результат!G4,Данные!D:D) -> 3890016 | J4: =VLOOKUP(G4,'задача 1.1'!A:E,5,0) -> 227 | K4: =(COUNTIFS(Данные!A:A,результат!G4,Данные!E:E,">=9")-COUNTIFS(Данные!A:A,результат!G4,Данные!E:E,"<=6")) / COUNTIFS(Данные!A:A,результат!G4,Данные!E:E,">=0") -> -0.26027397
B5: - длительность работы с клиентом от первой сделки до последней - (столбец J) | F5: 3 | G5: Иванова Анна Сергеевна | H5: =COUNTIF('задача 1'!D:D,результат!G5) -> 73 | I5: =SUMIF(Данные!A:A,результат!G5,Данные!D:D) -> 4368476 | J5: =VLOOKUP(G5,'задача 1.1'!A:E,5,0) -> 178 | K5: =(COUNTIFS(Данные!A:A,результат!G5,Данные!E:E,">=9")-COUNTIFS(Данные!A:A,результат!G5,Данные!E:E,"<=6")) / COUNTIFS(Данные!A:A,результат!G5,Данные!E:E,">=0") -> -0.3902439
B6: (для каждого менеджера определить самого долгого клиента в днях | F6: 4 | G6: Кузнецов Дмитрий Львович | H6: =COUNTIF('задача 1'!D:D,результат!G6) -> 67 | I6: =SUMIF(Данные!A:A,результат!G6,Данные!D:D) -> 5029442 | J6: =VLOOKUP(G6,'задача 1.1'!A:E,5,0) -> 353 | K6: =(COUNTIFS(Данные!A:A,результат!G6,Данные!E:E,">=9")-COUNTIFS(Данные!A:A,результат!G6,Данные!E:E,"<=6")) / COUNTIFS(Данные!A:A,результат!G6,Данные!E:E,">=0") -> -0.48351648
B7: от даты заключения первого проекта до даты заключения последнего проекта). | F7: 5 | G7: Новикова Ольга Петровна | H7: =COUNTIF('задача 1'!D:D,результат!G7) -> 66 | I7: =SUMIF(Данные!A:A,результат!G7,Данные!D:D) -> 4443324 | J7: =VLOOKUP(G7,'задача 1.1'!A:E,5,0) -> 360 | K7: =(COUNTIFS(Данные!A:A,результат!G7,Данные!E:E,">=9")-COUNTIFS(Данные!A:A,результат!G7,Данные!E:E,"<=6")) / COUNTIFS(Данные!A:A,результат!G7,Данные!E:E,">=0") -> -0.35365854
B8: - NPS по всем проектам - (столбец K) | F8: 6 | G8: Орлов Павел Денисович | H8: =COUNTIF('задача 1'!D:D,результат!G8) -> 74 | I8: =SUMIF(Данные!A:A,результат!G8,Данные!D:D) -> 5320974 | J8: =VLOOKUP(G8,'задача 1.1'!A:E,5,0) -> 267 | K8: =(COUNTIFS(Данные!A:A,результат!G8,Данные!E:E,">=9")-COUNTIFS(Данные!A:A,результат!G8,Данные!E:E,"<=6")) / COUNTIFS(Данные!A:A,результат!G8,Данные!E:E,">=0") -> -0.27835052
F9: 7 | G9: Петров Владимир Кириллович | H9: =COUNTIF('задача 1'!D:D,результат!G9) -> 63 | I9: =SUMIF(Данные!A:A,результат!G9,Данные!D:D) -> 4564618 | J9: =VLOOKUP(G9,'задача 1.1'!A:E,5,0) -> 261 | K9: =(COUNTIFS(Данные!A:A,результат!G9,Данные!E:E,">=9")-COUNTIFS(Данные!A:A,результат!G9,Данные!E:E,"<=6")) / COUNTIFS(Данные!A:A,результат!G9,Данные!E:E,">=0") -> -0.27710843
F10: 8 | G10: Семенова Ирина Валерьевна | H10: =COUNTIF('задача 1'!D:D,результат!G10) -> 78 | I10: =SUMIF(Данные!A:A,результат!G10,Данные!D:D) -> 5871447 | J10: =VLOOKUP(G10,'задача 1.1'!A:E,5,0) -> 338 | K10: =(COUNTIFS(Данные!A:A,результат!G10,Данные!E:E,">=9")-COUNTIFS(Данные!A:A,результат!G10,Данные!E:E,"<=6")) / COUNTIFS(Данные!A:A,результат!G10,Данные!E:E,">=0") -> -0.36893204
F11: 9 | G11: Сидорова Елена Васильевна | H11: =COUNTIF('задача 1'!D:D,результат!G11) -> 64 | I11: =SUMIF(Данные!A:A,результат!G11,Данные!D:D) -> 3860925 | J11: =VLOOKUP(G11,'задача 1.1'!A:E,5,0) -> 171 | K11: =(COUNTIFS(Данные!A:A,результат!G11,Данные!E:E,">=9")-COUNTIFS(Данные!A:A,результат!G11,Данные!E:E,"<=6")) / COUNTIFS(Данные!A:A,результат!G11,Данные!E:E,">=0") -> -0.41333333
B12: Определить самого эффективного менеджера: | F12: 10 | G12: Ткаченко Андрей Олегович | H12: =COUNTIF('задача 1'!D:D,результат!G12) -> 67 | I12: =SUMIF(Данные!A:A,результат!G12,Данные!D:D) -> 4568280 | J12: =VLOOKUP(G12,'задача 1.1'!A:E,5,0) -> 253 | K12: =(COUNTIFS(Данные!A:A,результат!G12,Данные!E:E,">=9")-COUNTIFS(Данные!A:A,результат!G12,Данные!E:E,"<=6")) / COUNTIFS(Данные!A:A,результат!G12,Данные!E:E,">=0") -> -0.24691358
A13: по количеству клиентов | B13: =INDEX(G3:G14,MATCH(MAX(H3:H14),H3:H14,0)) -> Семенова Ирина Валерьевна | F13: 11 | G13: Фролов Сергей Викторович | H13: =COUNTIF('задача 1'!D:D,результат!G13) -> 60 | I13: =SUMIF(Данные!A:A,результат!G13,Данные!D:D) -> 4407198 | J13: =VLOOKUP(G13,'задача 1.1'!A:E,5,0) -> 308 | K13: =(COUNTIFS(Данные!A:A,результат!G13,Данные!E:E,">=9")-COUNTIFS(Данные!A:A,результат!G13,Данные!E:E,"<=6")) / COUNTIFS(Данные!A:A,результат!G13,Данные!E:E,">=0") -> -0.24096386
F14: 12 | G14: Яковлев Артем Игоревич | H14: =COUNTIF('задача 1'!D:D,результат!G14) -> 63 | I14: =SUMIF(Данные!A:A,результат!G14,Данные!D:D) -> 4111628 | J14: =VLOOKUP(G14,'задача 1.1'!A:E,5,0) -> 350 | K14: =(COUNTIFS(Данные!A:A,результат!G14,Данные!E:E,">=9")-COUNTIFS(Данные!A:A,результат!G14,Данные!E:E,"<=6")) / COUNTIFS(Данные!A:A,результат!G14,Данные!E:E,">=0") -> -0.42857143
A15: по сумме проектов | B15: =INDEX(G3:G14,MATCH(MAX(I3:I14),I3:I14,0)) -> Семенова Ирина Валерьевна
A17: по длительности работы | B17: =INDEX(G3:G14,MATCH(MAX(J3:J14),J3:J14,0)) -> Новикова Ольга Петровна
A19: NPS | B19: =INDEX(G3:G14,MATCH(MAX(K3:K14),K3:K14,0)) -> Фролов Сергей Викторович
A23: Задача 2 | B23: Оценить клиентов | G23: ТОП 10 клиентов по продажам
B24: - доходности (вывести топ 10 клиентов) | G24: ФИО | H24: Проекты | I24: Сумма
B25: - не переходил к другим менеджерам - вывести первых 10 по алфавиту | F25: 1 | G25: Николаева Ирина Владимировна | H25: 6 | I25: 412640
B26: - по длительности (сколько месяцев суммарно обслуживался клиент) | F26: 2 | G26: Алексеева Виктория Александровна | H26: 3 | I26: 206946
F27: 3 | G27: Николаев Павел Артемович | H27: 3 | I27: 175211
F28: 4 | G28: Иванова Анна Викторовна | H28: 2 | I28: 126403
F29: 5 | G29: Федорова Вероника Ивановна | H29: 7 | I29: 309026
F30: 6 | G30: Иванова Екатерина Егоровна | H30: 6 | I30: 262474
F31: 7 | G31: Кузнецова София Сергеевна | H31: 7 | I31: 355858
F32: 8 | G32: Петрова София Алексеевна | H32: 8 | I32: 428509
F33: 9 | G33: Васильев Никита Викторович | H33: 7 | I33: 464070
F34: 10 | G34: Новикова Дарья Викторовна | H34: 5 | I34: 250305
G37: 10 клиентов, которые обслуживались у одного менеджера (в алфавитном порядке)
G38: ФИО | H38: Проекты | I38: Сумма
F39: 1 | G39: Волков Алексей Артемович | H39: 7 | I39: 420965
F40: 2 | G40: Козлов Артур Андреевич | H40: 5 | I40: 334870
F41: 3 | G41: Козлов Сергей Ильич | H41: 2 | I41: 86575
F42: 4 | G42: Лебедева Екатерина Сергеевна | H42: 3 | I42: 236450
F43: 5 | G43: Лебедева Людмила Юрьевна | H43: 7 | I43: 464070
F44: 6 | G44: Морозов Андрей Иванович | H44: 3 | I44: 217177
F45: 7 | G45: Морозова Светлана Михайловна | H45: 3 | I45: 175986
F46: 8 | G46: Николаев Александр Романович | H46: 5 | I46: 277071
F47: 9 | G47: Николаев Павел Артемович | H47: 3 | I47: 136918
F48: 10 | G48: Николаева Ирина Владимировна | H48: 3 | I48: 207087
C51: всего месяцев | D51: 13
A52: Задача 3 | B52: 3. Построить динамику менеджеров во времени: | G52: Количество проектов на одного менеджера
B53: - месяц / кол-во проектов на одного менеджера | C53: начало | D53: конец | G53: ФИО Менеджера (по алфавиту) | H53: 2023-9 | I53: 2023-10 | J53: 2023-11 | K53: 2023-12 | L53: 2024-1 | M53: 2024-2 | N53: 2024-3 | O53: 2024-4 | P53: 2024-5 | Q53: 2024-6 | R53: 2024-7 | S53: 2024-8 | T53: 2024-9
B54: - месяц / NPS по компании | C54: 45170 | D54: 45537 | G54: Белов Алексей Константинович | H54: 8 | I54: 5 | J54: 9 | K54: 3 | L54: 9 | M54: 4 | N54: 9 | O54: 5 | P54: 6 | Q54: 4 | R54: 7 | S54: 4 | T54: 0
B55: - месяц / средняя доходность на один проект | C55: 2023 | D55: 2024 | G55: Громова Мария Ильинична | H55: 3 | I55: 6 | J55: 6 | K55: 6 | L55: 7 | M55: 8 | N55: 7 | O55: 5 | P55: 5 | Q55: 3 | R55: 10 | S55: 7 | T55: 0
C56: 9 | D56: 9 | G56: Иванова Анна Сергеевна | H56: 5 | I56: 3 | J56: 5 | K56: 9 | L56: 3 | M56: 5 | N56: 10 | O56: 15 | P56: 6 | Q56: 2 | R56: 8 | S56: 9 | T56: 2
G57: Кузнецов Дмитрий Львович | H57: 7 | I57: 5 | J57: 13 | K57: 12 | L57: 9 | M57: 4 | N57: 6 | O57: 6 | P57: 7 | Q57: 5 | R57: 9 | S57: 8 | T57: 0
G58: Новикова Ольга Петровна | H58: 10 | I58: 7 | J58: 6 | K58: 4 | L58: 7 | M58: 3 | N58: 6 | O58: 8 | P58: 8 | Q58: 7 | R58: 8 | S58: 8 | T58: 0
G59: Орлов Павел Денисович | H59: 7 | I59: 5 | J59: 6 | K59: 10 | L59: 12 | M59: 11 | N59: 9 | O59: 4 | P59: 7 | Q59: 6 | R59: 9 | S59: 11 | T59: 0
G60: Петров Владимир Кириллович | H60: 5 | I60: 10 | J60: 9 | K60: 7 | L60: 7 | M60: 9 | N60: 7 | O60: 6 | P60: 6 | Q60: 6 | R60: 8 | S60: 3 | T60: 0
G61: Семенова Ирина Валерьевна | H61: 2 | I61: 13 | J61: 11 | K61: 5 | L61: 11 | M61: 5 | N61: 9 | O61: 13 | P61: 7 | Q61: 8 | R61: 11 | S61: 8 | T61: 0
G62: Сидорова Елена Васильевна | H62: 8 | I62: 6 | J62: 3 | K62: 4 | L62: 5 | M62: 7 | N62: 5 | O62: 9 | P62: 7 | Q62: 6 | R62: 9 | S62: 6 | T62: 0
G63: Ткаченко Андрей Олегович | H63: 9 | I63: 7 | J63: 2 | K63: 9 | L63: 7 | M63: 6 | N63: 7 | O63: 6 | P63: 6 | Q63: 8 | R63: 7 | S63: 6 | T63: 1
G64: Фролов Сергей Викторович | H64: 11 | I64: 7 | J64: 2 | K64: 7 | L64: 10 | M64: 7 | N64: 8 | O64: 5 | P64: 3 | Q64: 7 | R64: 10 | S64: 6 | T64: 0
G65: Яковлев Артем Игоревич | H65: 5 | I65: 7 | J65: 4 | K65: 5 | L65: 7 | M65: 12 | N65: 8 | O65: 1 | P65: 8 | Q65: 8 | R65: 7 | S65: 5 | T65: 0
G67: NPS
G68: ФИО Менеджера (по алфавиту) | H68: 2023-9 | I68: 2023-10 | J68: 2023-11 | K68: 2023-12 | L68: 2024-1 | M68: 2024-2 | N68: 2024-3 | O68: 2024-4 | P68: 2024-5 | Q68: 2024-6 | R68: 2024-7 | S68: 2024-8 | T68: 2024-9
G69: Белов Алексей Константинович | H69: 0.125 | I69: -0.4 | J69: -0.44444444 | K69: -1 | L69: -0.33333333 | M69: -0.5 | N69: -0.11111111 | O69: -0.6 | P69: -0.16666667 | Q69: -0.5 | R69: -0.42857143 | S69: -0.5
G70: Громова Мария Ильинична | H70: -0.33333333 | I70: -0.16666667 | J70: -0.16666667 | K70: -0.16666667 | L70: -0.14285714 | M70: -0.25 | N70: -0.57142857 | O70: -0.2 | P70: 0 | Q70: -0.33333333 | R70: -0.2 | S70: -0.57142857
G71: Иванова Анна Сергеевна | H71: -0.8 | I71: -0.33333333 | J71: -0.2 | K71: -0.22222222 | L71: -0.66666667 | M71: -0.2 | N71: -0.6 | O71: -0.33333333 | P71: -0.33333333 | Q71: -0.5 | R71: -0.375 | S71: -0.44444444 | T71: 0
G72: Кузнецов Дмитрий Львович | H72: -0.28571429 | I72: -0.4 | J72: -0.46153846 | K72: -0.91666667 | L72: -0.44444444 | M72: -0.75 | N72: -0.83333333 | O72: -0.83333333 | P72: -0.28571429 | Q72: -0.2 | R72: 0.11111111 | S72: -0.5
G73: Новикова Ольга Петровна | H73: -0.4 | I73: 0 | J73: -0.5 | K73: -0.5 | L73: -0.71428571 | M73: -0.66666667 | N73: -0.16666667 | O73: -0.5 | P73: -0.25 | Q73: -0.42857143 | R73: -0.25 | S73: -0.125
G74: Орлов Павел Денисович | H74: -0.57142857 | I74: -0.6 | J74: -0.16666667 | K74: -0.5 | L74: 0 | M74: 0 | N74: -0.11111111 | O74: -0.5 | P74: -0.71428571 | Q74: -0.5 | R74: -0.44444444 | S74: 0.090909091
G75: Петров Владимир Кириллович | H75: -0.6 | I75: -0.4 | J75: -0.44444444 | K75: -0.42857143 | L75: -0.14285714 | M75: 0.22222222 | N75: -0.42857143 | O75: -0.33333333 | P75: -0.16666667 | Q75: -0.33333333 | R75: -0.125 | S75: -0.33333333
G76: Семенова Ирина Валерьевна | H76: -0.5 | I76: -0.15384615 | J76: -0.81818182 | K76: 0 | L76: -0.18181818 | M76: -0.4 | N76: -0.22222222 | O76: -0.84615385 | P76: 0.14285714 | Q76: -0.125 | R76: -0.45454545 | S76: -0.5
G77: Сидорова Елена Васильевна | H77: -0.375 | I77: -0.16666667 | J77: -0.33333333 | K77: -0.75 | L77: -0.6 | M77: -0.57142857 | N77: -1 | O77: -0.44444444 | P77: -0.85714286 | Q77: 0 | R77: -0.11111111 | S77: 0
G78: Ткаченко Андрей Олегович | H78: -0.66666667 | I78: 0 | J78: 1 | K78: -0.44444444 | L78: -0.57142857 | M78: -0.16666667 | N78: 0 | O78: -0.16666667 | P78: -0.16666667 | Q78: -0.75 | R78: 0.14285714 | S78: 0 | T78: 0
G79: Фролов Сергей Викторович | H79: -0.45454545 | I79: -0.71428571 | J79: 0 | K79: -0.14285714 | L79: -0.5 | M79: -0.14285714 | N79: -0.25 | O79: -0.4 | P79: -0.66666667 | Q79: 0.28571429 | R79: -0.2 | S79: 0.5
G80: Яковлев Артем Игоревич | H80: 0 | I80: -0.14285714 | J80: -1 | K80: -0.6 | L80: -0.42857143 | M80: -0.66666667 | N80: -0.625 | O80: -1 | P80: -0.5 | Q80: -0.25 | R80: 0 | S80: -0.4
G82: средняя доходность на один проект
G83: ФИО Менеджера (по алфавиту) | H83: 2023-9 | I83: 2023-10 | J83: 2023-11 | K83: 2023-12 | L83: 2024-1 | M83: 2024-2 | N83: 2024-3 | O83: 2024-4 | P83: 2024-5 | Q83: 2024-6 | R83: 2024-7 | S83: 2024-8 | T83: 2024-9
G84: Белов Алексей Константинович | H84: 71124.556 | I84: 60299.857 | J84: 49575 | K84: 39807.333 | L84: 57501.286 | M84: 48980.833 | N84: 58296.714 | O84: 59238.833 | P84: 50767.667 | Q84: 58526.875 | R84: 63331.143 | S84: 49949.167 | T84: 72906
G85: Громова Мария Ильинична | H85: 42514.25 | I85: 49699.2 | J85: 61280.778 | K85: 69123.333 | L85: 52360.333 | M85: 46927.75 | N85: 47920.889 | O85: 77257 | P85: 46406.167 | Q85: 41409 | R85: 59128.857 | S85: 49470.5
G86: Иванова Анна Сергеевна | H86: 48439 | I86: 46160.286 | J86: 38849.833 | K86: 70919 | L86: 59589 | M86: 40459 | N86: 75275.667 | O86: 54387.5 | P86: 52547.75 | Q86: 50102 | R86: 58754.125 | S86: 56581.75
G87: Кузнецов Дмитрий Львович | H87: 46113.5 | I87: 56964.333 | J87: 25958 | K87: 58114.25 | L87: 54315.6 | M87: 32023.286 | N87: 48109.2 | O87: 59755.889 | P87: 42991.143 | Q87: 50409.333 | R87: 65059.889 | S87: 62812.833
G88: Новикова Ольга Петровна | H88: 66919.333 | I88: 54863.167 | J88: 59163.5 | K88: 46080.333 | L88: 61251.857 | M88: 42912.75 | N88: 56430 | O88: 59479.8 | P88: 64010.8 | Q88: 44851.667 | R88: 49899.2 | S88: 44363
G89: Орлов Павел Денисович | H89: 56495 | I89: 73958 | J89: 60856.167 | K89: 55477.7 | L89: 50835.667 | M89: 55620.909 | N89: 58521.222 | O89: 37718.75 | P89: 54949.429 | Q89: 49828.5 | R89: 44178.889 | S89: 59559.455
G90: Петров Владимир Кириллович | H90: 42514.25 | I90: 49699.2 | J90: 61280.778 | K90: 69123.333 | L90: 52360.333 | M90: 46927.75 | N90: 47920.889 | O90: 77257 | P90: 46406.167 | Q90: 41409 | R90: 59128.857 | S90: 49470.5
G91: Семенова Ирина Валерьевна | H91: 48439 | I91: 46160.286 | J91: 38849.833 | K91: 70919 | L91: 59589 | M91: 40459 | N91: 75275.667 | O91: 54387.5 | P91: 52547.75 | Q91: 50102 | R91: 58754.125 | S91: 56581.75
G92: Сидорова Елена Васильевна | H92: 48439 | I92: 46160.286 | J92: 38849.833 | K92: 70919 | L92: 59589 | M92: 40459 | N92: 75275.667 | O92: 54387.5 | P92: 52547.75 | Q92: 50102 | R92: 58754.125 | S92: 56581.75
G93: Ткаченко Андрей Олегович | H93: 62136.143 | I93: 44260.2 | J93: 57768.462 | K93: 64551.167 | L93: 49520 | M93: 61236.5 | N93: 46081.667 | O93: 49600.333 | P93: 49720.286 | Q93: 43309.6 | R93: 63847.333 | S93: 55456.25
G94: Фролов Сергей Викторович | H94: 46113.5 | I94: 56964.333 | J94: 25958 | K94: 58114.25 | L94: 54315.6 | M94: 32023.286 | N94: 48109.2 | O94: 59755.889 | P94: 42991.143 | Q94: 50409.333 | R94: 65059.889 | S94: 62812.833
G95: Яковлев Артем Игоревич | H95: 55100.818 | I95: 38786.571 | J95: 30682 | K95: 60800.571 | L95: 50783.2 | M95: 66376.286 | N95: 39807.625 | O95: 54431.8 | P95: 50035.667 | Q95: 54502 | R95: 64262.9 | S95: 50879.833
